시공ID,작업ID,단계,공사가 해야할 일,확인포인트,산출물
C-TEMP-FENCE-001-01,TEMP-FENCE-001,작업전,도면·시방서·승인자재·작업순서 확인,"시공상세도, 자재승인, 선행공정 완료 여부",작업계획서/검측요청서
C-TEMP-FENCE-001-02,TEMP-FENCE-001,작업중,"작업반장 배치, 간섭사항 조정, 공정·인원·장비 동선관리","작업진도, 품질검측 타이밍, 안전조치 유지",작업일보/사진
C-TEMP-FENCE-001-03,TEMP-FENCE-001,작업후,"검측 요청, 하자·미시공 사항 보완, 후속공정 인계","완료범위, 청소상태, 보양상태",검측결과/인계기록
C-TEMP-OFFICE-001-01,TEMP-OFFICE-001,작업전,도면·시방서·승인자재·작업순서 확인,"시공상세도, 자재승인, 선행공정 완료 여부",작업계획서/검측요청서
C-TEMP-OFFICE-001-02,TEMP-OFFICE-001,작업중,"작업반장 배치, 간섭사항 조정, 공정·인원·장비 동선관리","작업진도, 품질검측 타이밍, 안전조치 유지",작업일보/사진
C-TEMP-OFFICE-001-03,TEMP-OFFICE-001,작업후,"검측 요청, 하자·미시공 사항 보완, 후속공정 인계","완료범위, 청소상태, 보양상태",검측결과/인계기록
C-TEMP-ELEC-001-01,TEMP-ELEC-001,작업전,도면·시방서·승인자재·작업순서 확인,"시공상세도, 자재승인, 선행공정 완료 여부",작업계획서/검측요청서
C-TEMP-ELEC-001-02,TEMP-ELEC-001,작업중,"작업반장 배치, 간섭사항 조정, 공정·인원·장비 동선관리","작업진도, 품질검측 타이밍, 안전조치 유지",작업일보/사진
C-TEMP-ELEC-001-03,TEMP-ELEC-001,작업후,"검측 요청, 하자·미시공 사항 보완, 후속공정 인계","완료범위, 청소상태, 보양상태",검측결과/인계기록
C-TEMP-WATER-001-01,TEMP-WATER-001,작업전,도면·시방서·승인자재·작업순서 확인,"시공상세도, 자재승인, 선행공정 완료 여부",작업계획서/검측요청서
C-TEMP-WATER-001-02,TEMP-WATER-001,작업중,"작업반장 배치, 간섭사항 조정, 공정·인원·장비 동선관리","작업진도, 품질검측 타이밍, 안전조치 유지",작업일보/사진
C-TEMP-WATER-001-03,TEMP-WATER-001,작업후,"검측 요청, 하자·미시공 사항 보완, 후속공정 인계","완료범위, 청소상태, 보양상태",검측결과/인계기록
C-TEMP-SCAFF-001-01,TEMP-SCAFF-001,작업전,도면·시방서·승인자재·작업순서 확인,"시공상세도, 자재승인, 선행공정 완료 여부",작업계획서/검측요청서
C-TEMP-SCAFF-001-02,TEMP-SCAFF-001,작업중,"작업반장 배치, 간섭사항 조정, 공정·인원·장비 동선관리","작업진도, 품질검측 타이밍, 안전조치 유지",작업일보/사진
C-TEMP-SCAFF-001-03,TEMP-SCAFF-001,작업후,"검측 요청, 하자·미시공 사항 보완, 후속공정 인계","완료범위, 청소상태, 보양상태",검측결과/인계기록
C-TEMP-SCAFF-002-01,TEMP-SCAFF-002,작업전,도면·시방서·승인자재·작업순서 확인,"시공상세도, 자재승인, 선행공정 완료 여부",작업계획서/검측요청서
C-TEMP-SCAFF-002-02,TEMP-SCAFF-002,작업중,"작업반장 배치, 간섭사항 조정, 공정·인원·장비 동선관리","작업진도, 품질검측 타이밍, 안전조치 유지",작업일보/사진
C-TEMP-SCAFF-002-03,TEMP-SCAFF-002,작업후,"검측 요청, 하자·미시공 사항 보완, 후속공정 인계","완료범위, 청소상태, 보양상태",검측결과/인계기록
C-TEMP-DECK-001-01,TEMP-DECK-001,작업전,도면·시방서·승인자재·작업순서 확인,"시공상세도, 자재승인, 선행공정 완료 여부",작업계획서/검측요청서
C-TEMP-DECK-001-02,TEMP-DECK-001,작업중,"작업반장 배치, 간섭사항 조정, 공정·인원·장비 동선관리","작업진도, 품질검측 타이밍, 안전조치 유지",작업일보/사진
C-TEMP-DECK-001-03,TEMP-DECK-001,작업후,"검측 요청, 하자·미시공 사항 보완, 후속공정 인계","완료범위, 청소상태, 보양상태",검측결과/인계기록
C-TEMP-NET-001-01,TEMP-NET-001,작업전,도면·시방서·승인자재·작업순서 확인,"시공상세도, 자재승인, 선행공정 완료 여부",작업계획서/검측요청서
C-TEMP-NET-001-02,TEMP-NET-001,작업중,"작업반장 배치, 간섭사항 조정, 공정·인원·장비 동선관리","작업진도, 품질검측 타이밍, 안전조치 유지",작업일보/사진
C-TEMP-NET-001-03,TEMP-NET-001,작업후,"검측 요청, 하자·미시공 사항 보완, 후속공정 인계","완료범위, 청소상태, 보양상태",검측결과/인계기록
C-EARTH-CLEAR-001-01,EARTH-CLEAR-001,작업전,도면·시방서·승인자재·작업순서 확인,"시공상세도, 자재승인, 선행공정 완료 여부",작업계획서/검측요청서
C-EARTH-CLEAR-001-02,EARTH-CLEAR-001,작업중,"작업반장 배치, 간섭사항 조정, 공정·인원·장비 동선관리","작업진도, 품질검측 타이밍, 안전조치 유지",작업일보/사진
C-EARTH-CLEAR-001-03,EARTH-CLEAR-001,작업후,"검측 요청, 하자·미시공 사항 보완, 후속공정 인계","완료범위, 청소상태, 보양상태",검측결과/인계기록
C-EARTH-EXC-001-01,EARTH-EXC-001,작업전,도면·시방서·승인자재·작업순서 확인,"시공상세도, 자재승인, 선행공정 완료 여부",작업계획서/검측요청서
C-EARTH-EXC-001-02,EARTH-EXC-001,작업중,"작업반장 배치, 간섭사항 조정, 공정·인원·장비 동선관리","작업진도, 품질검측 타이밍, 안전조치 유지",작업일보/사진
C-EARTH-EXC-001-03,EARTH-EXC-001,작업후,"검측 요청, 하자·미시공 사항 보완, 후속공정 인계","완료범위, 청소상태, 보양상태",검측결과/인계기록
C-EARTH-EXC-002-01,EARTH-EXC-002,작업전,도면·시방서·승인자재·작업순서 확인,"시공상세도, 자재승인, 선행공정 완료 여부",작업계획서/검측요청서
C-EARTH-EXC-002-02,EARTH-EXC-002,작업중,"작업반장 배치, 간섭사항 조정, 공정·인원·장비 동선관리","작업진도, 품질검측 타이밍, 안전조치 유지",작업일보/사진
C-EARTH-EXC-002-03,EARTH-EXC-002,작업후,"검측 요청, 하자·미시공 사항 보완, 후속공정 인계","완료범위, 청소상태, 보양상태",검측결과/인계기록
C-EARTH-ROCK-001-01,EARTH-ROCK-001,작업전,도면·시방서·승인자재·작업순서 확인,"시공상세도, 자재승인, 선행공정 완료 여부",작업계획서/검측요청서
C-EARTH-ROCK-001-02,EARTH-ROCK-001,작업중,"작업반장 배치, 간섭사항 조정, 공정·인원·장비 동선관리","작업진도, 품질검측 타이밍, 안전조치 유지",작업일보/사진
C-EARTH-ROCK-001-03,EARTH-ROCK-001,작업후,"검측 요청, 하자·미시공 사항 보완, 후속공정 인계","완료범위, 청소상태, 보양상태",검측결과/인계기록
C-EARTH-HAUL-001-01,EARTH-HAUL-001,작업전,도면·시방서·승인자재·작업순서 확인,"시공상세도, 자재승인, 선행공정 완료 여부",작업계획서/검측요청서
C-EARTH-HAUL-001-02,EARTH-HAUL-001,작업중,"작업반장 배치, 간섭사항 조정, 공정·인원·장비 동선관리","작업진도, 품질검측 타이밍, 안전조치 유지",작업일보/사진
C-EARTH-HAUL-001-03,EARTH-HAUL-001,작업후,"검측 요청, 하자·미시공 사항 보완, 후속공정 인계","완료범위, 청소상태, 보양상태",검측결과/인계기록
C-EARTH-BACK-001-01,EARTH-BACK-001,작업전,도면·시방서·승인자재·작업순서 확인,"시공상세도, 자재승인, 선행공정 완료 여부",작업계획서/검측요청서
C-EARTH-BACK-001-02,EARTH-BACK-001,작업중,"작업반장 배치, 간섭사항 조정, 공정·인원·장비 동선관리","작업진도, 품질검측 타이밍, 안전조치 유지",작업일보/사진
C-EARTH-BACK-001-03,EARTH-BACK-001,작업후,"검측 요청, 하자·미시공 사항 보완, 후속공정 인계","완료범위, 청소상태, 보양상태",검측결과/인계기록
C-EARTH-COMP-001-01,EARTH-COMP-001,작업전,도면·시방서·승인자재·작업순서 확인,"시공상세도, 자재승인, 선행공정 완료 여부",작업계획서/검측요청서
C-EARTH-COMP-001-02,EARTH-COMP-001,작업중,"작업반장 배치, 간섭사항 조정, 공정·인원·장비 동선관리","작업진도, 품질검측 타이밍, 안전조치 유지",작업일보/사진
C-EARTH-COMP-001-03,EARTH-COMP-001,작업후,"검측 요청, 하자·미시공 사항 보완, 후속공정 인계","완료범위, 청소상태, 보양상태",검측결과/인계기록
C-PILE-PHC-001-01,PILE-PHC-001,작업전,도면·시방서·승인자재·작업순서 확인,"시공상세도, 자재승인, 선행공정 완료 여부",작업계획서/검측요청서
C-PILE-PHC-001-02,PILE-PHC-001,작업중,"작업반장 배치, 간섭사항 조정, 공정·인원·장비 동선관리","작업진도, 품질검측 타이밍, 안전조치 유지",작업일보/사진
C-PILE-PHC-001-03,PILE-PHC-001,작업후,"검측 요청, 하자·미시공 사항 보완, 후속공정 인계","완료범위, 청소상태, 보양상태",검측결과/인계기록
C-PILE-DRILL-001-01,PILE-DRILL-001,작업전,도면·시방서·승인자재·작업순서 확인,"시공상세도, 자재승인, 선행공정 완료 여부",작업계획서/검측요청서
C-PILE-DRILL-001-02,PILE-DRILL-001,작업중,"작업반장 배치, 간섭사항 조정, 공정·인원·장비 동선관리","작업진도, 품질검측 타이밍, 안전조치 유지",작업일보/사진
C-PILE-DRILL-001-03,PILE-DRILL-001,작업후,"검측 요청, 하자·미시공 사항 보완, 후속공정 인계","완료범위, 청소상태, 보양상태",검측결과/인계기록
C-PILE-DRIVE-001-01,PILE-DRIVE-001,작업전,도면·시방서·승인자재·작업순서 확인,"시공상세도, 자재승인, 선행공정 완료 여부",작업계획서/검측요청서
C-PILE-DRIVE-001-02,PILE-DRIVE-001,작업중,"작업반장 배치, 간섭사항 조정, 공정·인원·장비 동선관리","작업진도, 품질검측 타이밍, 안전조치 유지",작업일보/사진
C-PILE-DRIVE-001-03,PILE-DRIVE-001,작업후,"검측 요청, 하자·미시공 사항 보완, 후속공정 인계","완료범위, 청소상태, 보양상태",검측결과/인계기록
C-PILE-CUT-001-01,PILE-CUT-001,작업전,도면·시방서·승인자재·작업순서 확인,"시공상세도, 자재승인, 선행공정 완료 여부",작업계획서/검측요청서
C-PILE-CUT-001-02,PILE-CUT-001,작업중,"작업반장 배치, 간섭사항 조정, 공정·인원·장비 동선관리","작업진도, 품질검측 타이밍, 안전조치 유지",작업일보/사진
C-PILE-CUT-001-03,PILE-CUT-001,작업후,"검측 요청, 하자·미시공 사항 보완, 후속공정 인계","완료범위, 청소상태, 보양상태",검측결과/인계기록
C-PILE-GROUT-001-01,PILE-GROUT-001,작업전,도면·시방서·승인자재·작업순서 확인,"시공상세도, 자재승인, 선행공정 완료 여부",작업계획서/검측요청서
C-PILE-GROUT-001-02,PILE-GROUT-001,작업중,"작업반장 배치, 간섭사항 조정, 공정·인원·장비 동선관리","작업진도, 품질검측 타이밍, 안전조치 유지",작업일보/사진
C-PILE-GROUT-001-03,PILE-GROUT-001,작업후,"검측 요청, 하자·미시공 사항 보완, 후속공정 인계","완료범위, 청소상태, 보양상태",검측결과/인계기록
C-RC-FORM-001-01,RC-FORM-001,작업전,도면·시방서·승인자재·작업순서 확인,"시공상세도, 자재승인, 선행공정 완료 여부",작업계획서/검측요청서
C-RC-FORM-001-02,RC-FORM-001,작업중,"작업반장 배치, 간섭사항 조정, 공정·인원·장비 동선관리","작업진도, 품질검측 타이밍, 안전조치 유지",작업일보/사진
C-RC-FORM-001-03,RC-FORM-001,작업후,"검측 요청, 하자·미시공 사항 보완, 후속공정 인계","완료범위, 청소상태, 보양상태",검측결과/인계기록
C-RC-FORM-002-01,RC-FORM-002,작업전,도면·시방서·승인자재·작업순서 확인,"시공상세도, 자재승인, 선행공정 완료 여부",작업계획서/검측요청서
C-RC-FORM-002-02,RC-FORM-002,작업중,"작업반장 배치, 간섭사항 조정, 공정·인원·장비 동선관리","작업진도, 품질검측 타이밍, 안전조치 유지",작업일보/사진
C-RC-FORM-002-03,RC-FORM-002,작업후,"검측 요청, 하자·미시공 사항 보완, 후속공정 인계","완료범위, 청소상태, 보양상태",검측결과/인계기록
C-RC-FORM-003-01,RC-FORM-003,작업전,도면·시방서·승인자재·작업순서 확인,"시공상세도, 자재승인, 선행공정 완료 여부",작업계획서/검측요청서
C-RC-FORM-003-02,RC-FORM-003,작업중,"작업반장 배치, 간섭사항 조정, 공정·인원·장비 동선관리","작업진도, 품질검측 타이밍, 안전조치 유지",작업일보/사진
C-RC-FORM-003-03,RC-FORM-003,작업후,"검측 요청, 하자·미시공 사항 보완, 후속공정 인계","완료범위, 청소상태, 보양상태",검측결과/인계기록
C-RC-FORM-004-01,RC-FORM-004,작업전,도면·시방서·승인자재·작업순서 확인,"시공상세도, 자재승인, 선행공정 완료 여부",작업계획서/검측요청서
C-RC-FORM-004-02,RC-FORM-004,작업중,"작업반장 배치, 간섭사항 조정, 공정·인원·장비 동선관리","작업진도, 품질검측 타이밍, 안전조치 유지",작업일보/사진
C-RC-FORM-004-03,RC-FORM-004,작업후,"검측 요청, 하자·미시공 사항 보완, 후속공정 인계","완료범위, 청소상태, 보양상태",검측결과/인계기록
C-RC-REBAR-001-01,RC-REBAR-001,작업전,도면·시방서·승인자재·작업순서 확인,"시공상세도, 자재승인, 선행공정 완료 여부",작업계획서/검측요청서
C-RC-REBAR-001-02,RC-REBAR-001,작업중,"작업반장 배치, 간섭사항 조정, 공정·인원·장비 동선관리","작업진도, 품질검측 타이밍, 안전조치 유지",작업일보/사진
C-RC-REBAR-001-03,RC-REBAR-001,작업후,"검측 요청, 하자·미시공 사항 보완, 후속공정 인계","완료범위, 청소상태, 보양상태",검측결과/인계기록
C-RC-REBAR-002-01,RC-REBAR-002,작업전,도면·시방서·승인자재·작업순서 확인,"시공상세도, 자재승인, 선행공정 완료 여부",작업계획서/검측요청서
C-RC-REBAR-002-02,RC-REBAR-002,작업중,"작업반장 배치, 간섭사항 조정, 공정·인원·장비 동선관리","작업진도, 품질검측 타이밍, 안전조치 유지",작업일보/사진
C-RC-REBAR-002-03,RC-REBAR-002,작업후,"검측 요청, 하자·미시공 사항 보완, 후속공정 인계","완료범위, 청소상태, 보양상태",검측결과/인계기록
C-RC-REBAR-003-01,RC-REBAR-003,작업전,도면·시방서·승인자재·작업순서 확인,"시공상세도, 자재승인, 선행공정 완료 여부",작업계획서/검측요청서
C-RC-REBAR-003-02,RC-REBAR-003,작업중,"작업반장 배치, 간섭사항 조정, 공정·인원·장비 동선관리","작업진도, 품질검측 타이밍, 안전조치 유지",작업일보/사진
C-RC-REBAR-003-03,RC-REBAR-003,작업후,"검측 요청, 하자·미시공 사항 보완, 후속공정 인계","완료범위, 청소상태, 보양상태",검측결과/인계기록
C-RC-REBAR-004-01,RC-REBAR-004,작업전,도면·시방서·승인자재·작업순서 확인,"시공상세도, 자재승인, 선행공정 완료 여부",작업계획서/검측요청서
C-RC-REBAR-004-02,RC-REBAR-004,작업중,"작업반장 배치, 간섭사항 조정, 공정·인원·장비 동선관리","작업진도, 품질검측 타이밍, 안전조치 유지",작업일보/사진
C-RC-REBAR-004-03,RC-REBAR-004,작업후,"검측 요청, 하자·미시공 사항 보완, 후속공정 인계","완료범위, 청소상태, 보양상태",검측결과/인계기록
C-RC-CONC-001-01,RC-CONC-001,작업전,도면·시방서·승인자재·작업순서 확인,"시공상세도, 자재승인, 선행공정 완료 여부",작업계획서/검측요청서
C-RC-CONC-001-02,RC-CONC-001,작업중,"작업반장 배치, 간섭사항 조정, 공정·인원·장비 동선관리","작업진도, 품질검측 타이밍, 안전조치 유지",작업일보/사진
C-RC-CONC-001-03,RC-CONC-001,작업후,"검측 요청, 하자·미시공 사항 보완, 후속공정 인계","완료범위, 청소상태, 보양상태",검측결과/인계기록
C-RC-CONC-002-01,RC-CONC-002,작업전,도면·시방서·승인자재·작업순서 확인,"시공상세도, 자재승인, 선행공정 완료 여부",작업계획서/검측요청서
C-RC-CONC-002-02,RC-CONC-002,작업중,"작업반장 배치, 간섭사항 조정, 공정·인원·장비 동선관리","작업진도, 품질검측 타이밍, 안전조치 유지",작업일보/사진
C-RC-CONC-002-03,RC-CONC-002,작업후,"검측 요청, 하자·미시공 사항 보완, 후속공정 인계","완료범위, 청소상태, 보양상태",검측결과/인계기록
C-RC-CONC-003-01,RC-CONC-003,작업전,도면·시방서·승인자재·작업순서 확인,"시공상세도, 자재승인, 선행공정 완료 여부",작업계획서/검측요청서
C-RC-CONC-003-02,RC-CONC-003,작업중,"작업반장 배치, 간섭사항 조정, 공정·인원·장비 동선관리","작업진도, 품질검측 타이밍, 안전조치 유지",작업일보/사진
C-RC-CONC-003-03,RC-CONC-003,작업후,"검측 요청, 하자·미시공 사항 보완, 후속공정 인계","완료범위, 청소상태, 보양상태",검측결과/인계기록
C-RC-CURE-001-01,RC-CURE-001,작업전,도면·시방서·승인자재·작업순서 확인,"시공상세도, 자재승인, 선행공정 완료 여부",작업계획서/검측요청서
C-RC-CURE-001-02,RC-CURE-001,작업중,"작업반장 배치, 간섭사항 조정, 공정·인원·장비 동선관리","작업진도, 품질검측 타이밍, 안전조치 유지",작업일보/사진
C-RC-CURE-001-03,RC-CURE-001,작업후,"검측 요청, 하자·미시공 사항 보완, 후속공정 인계","완료범위, 청소상태, 보양상태",검측결과/인계기록
C-RC-TEST-001-01,RC-TEST-001,작업전,도면·시방서·승인자재·작업순서 확인,"시공상세도, 자재승인, 선행공정 완료 여부",작업계획서/검측요청서
C-RC-TEST-001-02,RC-TEST-001,작업중,"작업반장 배치, 간섭사항 조정, 공정·인원·장비 동선관리","작업진도, 품질검측 타이밍, 안전조치 유지",작업일보/사진
C-RC-TEST-001-03,RC-TEST-001,작업후,"검측 요청, 하자·미시공 사항 보완, 후속공정 인계","완료범위, 청소상태, 보양상태",검측결과/인계기록
C-STEEL-ANCHOR-001-01,STEEL-ANCHOR-001,작업전,도면·시방서·승인자재·작업순서 확인,"시공상세도, 자재승인, 선행공정 완료 여부",작업계획서/검측요청서
C-STEEL-ANCHOR-001-02,STEEL-ANCHOR-001,작업중,"작업반장 배치, 간섭사항 조정, 공정·인원·장비 동선관리","작업진도, 품질검측 타이밍, 안전조치 유지",작업일보/사진
C-STEEL-ANCHOR-001-03,STEEL-ANCHOR-001,작업후,"검측 요청, 하자·미시공 사항 보완, 후속공정 인계","완료범위, 청소상태, 보양상태",검측결과/인계기록
C-STEEL-ERECT-001-01,STEEL-ERECT-001,작업전,도면·시방서·승인자재·작업순서 확인,"시공상세도, 자재승인, 선행공정 완료 여부",작업계획서/검측요청서
C-STEEL-ERECT-001-02,STEEL-ERECT-001,작업중,"작업반장 배치, 간섭사항 조정, 공정·인원·장비 동선관리","작업진도, 품질검측 타이밍, 안전조치 유지",작업일보/사진
C-STEEL-ERECT-001-03,STEEL-ERECT-001,작업후,"검측 요청, 하자·미시공 사항 보완, 후속공정 인계","완료범위, 청소상태, 보양상태",검측결과/인계기록
C-STEEL-BOLT-001-01,STEEL-BOLT-001,작업전,도면·시방서·승인자재·작업순서 확인,"시공상세도, 자재승인, 선행공정 완료 여부",작업계획서/검측요청서
C-STEEL-BOLT-001-02,STEEL-BOLT-001,작업중,"작업반장 배치, 간섭사항 조정, 공정·인원·장비 동선관리","작업진도, 품질검측 타이밍, 안전조치 유지",작업일보/사진
C-STEEL-BOLT-001-03,STEEL-BOLT-001,작업후,"검측 요청, 하자·미시공 사항 보완, 후속공정 인계","완료범위, 청소상태, 보양상태",검측결과/인계기록
C-STEEL-WELD-001-01,STEEL-WELD-001,작업전,도면·시방서·승인자재·작업순서 확인,"시공상세도, 자재승인, 선행공정 완료 여부",작업계획서/검측요청서
C-STEEL-WELD-001-02,STEEL-WELD-001,작업중,"작업반장 배치, 간섭사항 조정, 공정·인원·장비 동선관리","작업진도, 품질검측 타이밍, 안전조치 유지",작업일보/사진
C-STEEL-WELD-001-03,STEEL-WELD-001,작업후,"검측 요청, 하자·미시공 사항 보완, 후속공정 인계","완료범위, 청소상태, 보양상태",검측결과/인계기록
C-STEEL-DECK-001-01,STEEL-DECK-001,작업전,도면·시방서·승인자재·작업순서 확인,"시공상세도, 자재승인, 선행공정 완료 여부",작업계획서/검측요청서
C-STEEL-DECK-001-02,STEEL-DECK-001,작업중,"작업반장 배치, 간섭사항 조정, 공정·인원·장비 동선관리","작업진도, 품질검측 타이밍, 안전조치 유지",작업일보/사진
C-STEEL-DECK-001-03,STEEL-DECK-001,작업후,"검측 요청, 하자·미시공 사항 보완, 후속공정 인계","완료범위, 청소상태, 보양상태",검측결과/인계기록
C-STEEL-FIRE-001-01,STEEL-FIRE-001,작업전,도면·시방서·승인자재·작업순서 확인,"시공상세도, 자재승인, 선행공정 완료 여부",작업계획서/검측요청서
C-STEEL-FIRE-001-02,STEEL-FIRE-001,작업중,"작업반장 배치, 간섭사항 조정, 공정·인원·장비 동선관리","작업진도, 품질검측 타이밍, 안전조치 유지",작업일보/사진
C-STEEL-FIRE-001-03,STEEL-FIRE-001,작업후,"검측 요청, 하자·미시공 사항 보완, 후속공정 인계","완료범위, 청소상태, 보양상태",검측결과/인계기록
C-MASON-BRICK-001-01,MASON-BRICK-001,작업전,도면·시방서·승인자재·작업순서 확인,"시공상세도, 자재승인, 선행공정 완료 여부",작업계획서/검측요청서
C-MASON-BRICK-001-02,MASON-BRICK-001,작업중,"작업반장 배치, 간섭사항 조정, 공정·인원·장비 동선관리","작업진도, 품질검측 타이밍, 안전조치 유지",작업일보/사진
C-MASON-BRICK-001-03,MASON-BRICK-001,작업후,"검측 요청, 하자·미시공 사항 보완, 후속공정 인계","완료범위, 청소상태, 보양상태",검측결과/인계기록
C-MASON-BLOCK-001-01,MASON-BLOCK-001,작업전,도면·시방서·승인자재·작업순서 확인,"시공상세도, 자재승인, 선행공정 완료 여부",작업계획서/검측요청서
C-MASON-BLOCK-001-02,MASON-BLOCK-001,작업중,"작업반장 배치, 간섭사항 조정, 공정·인원·장비 동선관리","작업진도, 품질검측 타이밍, 안전조치 유지",작업일보/사진
C-MASON-BLOCK-001-03,MASON-BLOCK-001,작업후,"검측 요청, 하자·미시공 사항 보완, 후속공정 인계","완료범위, 청소상태, 보양상태",검측결과/인계기록
C-MASON-LINTEL-001-01,MASON-LINTEL-001,작업전,도면·시방서·승인자재·작업순서 확인,"시공상세도, 자재승인, 선행공정 완료 여부",작업계획서/검측요청서
C-MASON-LINTEL-001-02,MASON-LINTEL-001,작업중,"작업반장 배치, 간섭사항 조정, 공정·인원·장비 동선관리","작업진도, 품질검측 타이밍, 안전조치 유지",작업일보/사진
C-MASON-LINTEL-001-03,MASON-LINTEL-001,작업후,"검측 요청, 하자·미시공 사항 보완, 후속공정 인계","완료범위, 청소상태, 보양상태",검측결과/인계기록
C-PLASTER-WALL-001-01,PLASTER-WALL-001,작업전,도면·시방서·승인자재·작업순서 확인,"시공상세도, 자재승인, 선행공정 완료 여부",작업계획서/검측요청서
C-PLASTER-WALL-001-02,PLASTER-WALL-001,작업중,"작업반장 배치, 간섭사항 조정, 공정·인원·장비 동선관리","작업진도, 품질검측 타이밍, 안전조치 유지",작업일보/사진
C-PLASTER-WALL-001-03,PLASTER-WALL-001,작업후,"검측 요청, 하자·미시공 사항 보완, 후속공정 인계","완료범위, 청소상태, 보양상태",검측결과/인계기록
C-PLASTER-FLOOR-001-01,PLASTER-FLOOR-001,작업전,도면·시방서·승인자재·작업순서 확인,"시공상세도, 자재승인, 선행공정 완료 여부",작업계획서/검측요청서
C-PLASTER-FLOOR-001-02,PLASTER-FLOOR-001,작업중,"작업반장 배치, 간섭사항 조정, 공정·인원·장비 동선관리","작업진도, 품질검측 타이밍, 안전조치 유지",작업일보/사진
C-PLASTER-FLOOR-001-03,PLASTER-FLOOR-001,작업후,"검측 요청, 하자·미시공 사항 보완, 후속공정 인계","완료범위, 청소상태, 보양상태",검측결과/인계기록
C-PLASTER-LEVEL-001-01,PLASTER-LEVEL-001,작업전,도면·시방서·승인자재·작업순서 확인,"시공상세도, 자재승인, 선행공정 완료 여부",작업계획서/검측요청서
C-PLASTER-LEVEL-001-02,PLASTER-LEVEL-001,작업중,"작업반장 배치, 간섭사항 조정, 공정·인원·장비 동선관리","작업진도, 품질검측 타이밍, 안전조치 유지",작업일보/사진
C-PLASTER-LEVEL-001-03,PLASTER-LEVEL-001,작업후,"검측 요청, 하자·미시공 사항 보완, 후속공정 인계","완료범위, 청소상태, 보양상태",검측결과/인계기록
C-WATER-URE-001-01,WATER-URE-001,작업전,도면·시방서·승인자재·작업순서 확인,"시공상세도, 자재승인, 선행공정 완료 여부",작업계획서/검측요청서
C-WATER-URE-001-02,WATER-URE-001,작업중,"작업반장 배치, 간섭사항 조정, 공정·인원·장비 동선관리","작업진도, 품질검측 타이밍, 안전조치 유지",작업일보/사진
C-WATER-URE-001-03,WATER-URE-001,작업후,"검측 요청, 하자·미시공 사항 보완, 후속공정 인계","완료범위, 청소상태, 보양상태",검측결과/인계기록
C-WATER-SHEET-001-01,WATER-SHEET-001,작업전,도면·시방서·승인자재·작업순서 확인,"시공상세도, 자재승인, 선행공정 완료 여부",작업계획서/검측요청서
C-WATER-SHEET-001-02,WATER-SHEET-001,작업중,"작업반장 배치, 간섭사항 조정, 공정·인원·장비 동선관리","작업진도, 품질검측 타이밍, 안전조치 유지",작업일보/사진
C-WATER-SHEET-001-03,WATER-SHEET-001,작업후,"검측 요청, 하자·미시공 사항 보완, 후속공정 인계","완료범위, 청소상태, 보양상태",검측결과/인계기록
C-WATER-JOINT-001-01,WATER-JOINT-001,작업전,도면·시방서·승인자재·작업순서 확인,"시공상세도, 자재승인, 선행공정 완료 여부",작업계획서/검측요청서
C-WATER-JOINT-001-02,WATER-JOINT-001,작업중,"작업반장 배치, 간섭사항 조정, 공정·인원·장비 동선관리","작업진도, 품질검측 타이밍, 안전조치 유지",작업일보/사진
C-WATER-JOINT-001-03,WATER-JOINT-001,작업후,"검측 요청, 하자·미시공 사항 보완, 후속공정 인계","완료범위, 청소상태, 보양상태",검측결과/인계기록
C-INSUL-XPS-001-01,INSUL-XPS-001,작업전,도면·시방서·승인자재·작업순서 확인,"시공상세도, 자재승인, 선행공정 완료 여부",작업계획서/검측요청서
C-INSUL-XPS-001-02,INSUL-XPS-001,작업중,"작업반장 배치, 간섭사항 조정, 공정·인원·장비 동선관리","작업진도, 품질검측 타이밍, 안전조치 유지",작업일보/사진
C-INSUL-XPS-001-03,INSUL-XPS-001,작업후,"검측 요청, 하자·미시공 사항 보완, 후속공정 인계","완료범위, 청소상태, 보양상태",검측결과/인계기록
C-INSUL-WOOL-001-01,INSUL-WOOL-001,작업전,도면·시방서·승인자재·작업순서 확인,"시공상세도, 자재승인, 선행공정 완료 여부",작업계획서/검측요청서
C-INSUL-WOOL-001-02,INSUL-WOOL-001,작업중,"작업반장 배치, 간섭사항 조정, 공정·인원·장비 동선관리","작업진도, 품질검측 타이밍, 안전조치 유지",작업일보/사진
C-INSUL-WOOL-001-03,INSUL-WOOL-001,작업후,"검측 요청, 하자·미시공 사항 보완, 후속공정 인계","완료범위, 청소상태, 보양상태",검측결과/인계기록
C-WINDOW-AL-001-01,WINDOW-AL-001,작업전,도면·시방서·승인자재·작업순서 확인,"시공상세도, 자재승인, 선행공정 완료 여부",작업계획서/검측요청서
C-WINDOW-AL-001-02,WINDOW-AL-001,작업중,"작업반장 배치, 간섭사항 조정, 공정·인원·장비 동선관리","작업진도, 품질검측 타이밍, 안전조치 유지",작업일보/사진
C-WINDOW-AL-001-03,WINDOW-AL-001,작업후,"검측 요청, 하자·미시공 사항 보완, 후속공정 인계","완료범위, 청소상태, 보양상태",검측결과/인계기록
C-WINDOW-GLASS-001-01,WINDOW-GLASS-001,작업전,도면·시방서·승인자재·작업순서 확인,"시공상세도, 자재승인, 선행공정 완료 여부",작업계획서/검측요청서
C-WINDOW-GLASS-001-02,WINDOW-GLASS-001,작업중,"작업반장 배치, 간섭사항 조정, 공정·인원·장비 동선관리","작업진도, 품질검측 타이밍, 안전조치 유지",작업일보/사진
C-WINDOW-GLASS-001-03,WINDOW-GLASS-001,작업후,"검측 요청, 하자·미시공 사항 보완, 후속공정 인계","완료범위, 청소상태, 보양상태",검측결과/인계기록
C-WINDOW-DOOR-001-01,WINDOW-DOOR-001,작업전,도면·시방서·승인자재·작업순서 확인,"시공상세도, 자재승인, 선행공정 완료 여부",작업계획서/검측요청서
C-WINDOW-DOOR-001-02,WINDOW-DOOR-001,작업중,"작업반장 배치, 간섭사항 조정, 공정·인원·장비 동선관리","작업진도, 품질검측 타이밍, 안전조치 유지",작업일보/사진
C-WINDOW-DOOR-001-03,WINDOW-DOOR-001,작업후,"검측 요청, 하자·미시공 사항 보완, 후속공정 인계","완료범위, 청소상태, 보양상태",검측결과/인계기록
C-METAL-RAIL-001-01,METAL-RAIL-001,작업전,도면·시방서·승인자재·작업순서 확인,"시공상세도, 자재승인, 선행공정 완료 여부",작업계획서/검측요청서
C-METAL-RAIL-001-02,METAL-RAIL-001,작업중,"작업반장 배치, 간섭사항 조정, 공정·인원·장비 동선관리","작업진도, 품질검측 타이밍, 안전조치 유지",작업일보/사진
C-METAL-RAIL-001-03,METAL-RAIL-001,작업후,"검측 요청, 하자·미시공 사항 보완, 후속공정 인계","완료범위, 청소상태, 보양상태",검측결과/인계기록
C-METAL-CEIL-001-01,METAL-CEIL-001,작업전,도면·시방서·승인자재·작업순서 확인,"시공상세도, 자재승인, 선행공정 완료 여부",작업계획서/검측요청서
C-METAL-CEIL-001-02,METAL-CEIL-001,작업중,"작업반장 배치, 간섭사항 조정, 공정·인원·장비 동선관리","작업진도, 품질검측 타이밍, 안전조치 유지",작업일보/사진
C-METAL-CEIL-001-03,METAL-CEIL-001,작업후,"검측 요청, 하자·미시공 사항 보완, 후속공정 인계","완료범위, 청소상태, 보양상태",검측결과/인계기록
C-METAL-LOUVER-001-01,METAL-LOUVER-001,작업전,도면·시방서·승인자재·작업순서 확인,"시공상세도, 자재승인, 선행공정 완료 여부",작업계획서/검측요청서
C-METAL-LOUVER-001-02,METAL-LOUVER-001,작업중,"작업반장 배치, 간섭사항 조정, 공정·인원·장비 동선관리","작업진도, 품질검측 타이밍, 안전조치 유지",작업일보/사진
C-METAL-LOUVER-001-03,METAL-LOUVER-001,작업후,"검측 요청, 하자·미시공 사항 보완, 후속공정 인계","완료범위, 청소상태, 보양상태",검측결과/인계기록
C-ROOF-SHEET-001-01,ROOF-SHEET-001,작업전,도면·시방서·승인자재·작업순서 확인,"시공상세도, 자재승인, 선행공정 완료 여부",작업계획서/검측요청서
C-ROOF-SHEET-001-02,ROOF-SHEET-001,작업중,"작업반장 배치, 간섭사항 조정, 공정·인원·장비 동선관리","작업진도, 품질검측 타이밍, 안전조치 유지",작업일보/사진
C-ROOF-SHEET-001-03,ROOF-SHEET-001,작업후,"검측 요청, 하자·미시공 사항 보완, 후속공정 인계","완료범위, 청소상태, 보양상태",검측결과/인계기록
C-ROOF-DRAIN-001-01,ROOF-DRAIN-001,작업전,도면·시방서·승인자재·작업순서 확인,"시공상세도, 자재승인, 선행공정 완료 여부",작업계획서/검측요청서
C-ROOF-DRAIN-001-02,ROOF-DRAIN-001,작업중,"작업반장 배치, 간섭사항 조정, 공정·인원·장비 동선관리","작업진도, 품질검측 타이밍, 안전조치 유지",작업일보/사진
C-ROOF-DRAIN-001-03,ROOF-DRAIN-001,작업후,"검측 요청, 하자·미시공 사항 보완, 후속공정 인계","완료범위, 청소상태, 보양상태",검측결과/인계기록
C-STONE-EXT-001-01,STONE-EXT-001,작업전,도면·시방서·승인자재·작업순서 확인,"시공상세도, 자재승인, 선행공정 완료 여부",작업계획서/검측요청서
C-STONE-EXT-001-02,STONE-EXT-001,작업중,"작업반장 배치, 간섭사항 조정, 공정·인원·장비 동선관리","작업진도, 품질검측 타이밍, 안전조치 유지",작업일보/사진
C-STONE-EXT-001-03,STONE-EXT-001,작업후,"검측 요청, 하자·미시공 사항 보완, 후속공정 인계","완료범위, 청소상태, 보양상태",검측결과/인계기록
C-STONE-FLOOR-001-01,STONE-FLOOR-001,작업전,도면·시방서·승인자재·작업순서 확인,"시공상세도, 자재승인, 선행공정 완료 여부",작업계획서/검측요청서
C-STONE-FLOOR-001-02,STONE-FLOOR-001,작업중,"작업반장 배치, 간섭사항 조정, 공정·인원·장비 동선관리","작업진도, 품질검측 타이밍, 안전조치 유지",작업일보/사진
C-STONE-FLOOR-001-03,STONE-FLOOR-001,작업후,"검측 요청, 하자·미시공 사항 보완, 후속공정 인계","완료범위, 청소상태, 보양상태",검측결과/인계기록
C-TILE-WALL-001-01,TILE-WALL-001,작업전,도면·시방서·승인자재·작업순서 확인,"시공상세도, 자재승인, 선행공정 완료 여부",작업계획서/검측요청서
C-TILE-WALL-001-02,TILE-WALL-001,작업중,"작업반장 배치, 간섭사항 조정, 공정·인원·장비 동선관리","작업진도, 품질검측 타이밍, 안전조치 유지",작업일보/사진
C-TILE-WALL-001-03,TILE-WALL-001,작업후,"검측 요청, 하자·미시공 사항 보완, 후속공정 인계","완료범위, 청소상태, 보양상태",검측결과/인계기록
C-TILE-FLOOR-001-01,TILE-FLOOR-001,작업전,도면·시방서·승인자재·작업순서 확인,"시공상세도, 자재승인, 선행공정 완료 여부",작업계획서/검측요청서
C-TILE-FLOOR-001-02,TILE-FLOOR-001,작업중,"작업반장 배치, 간섭사항 조정, 공정·인원·장비 동선관리","작업진도, 품질검측 타이밍, 안전조치 유지",작업일보/사진
C-TILE-FLOOR-001-03,TILE-FLOOR-001,작업후,"검측 요청, 하자·미시공 사항 보완, 후속공정 인계","완료범위, 청소상태, 보양상태",검측결과/인계기록
C-TILE-GROUT-001-01,TILE-GROUT-001,작업전,도면·시방서·승인자재·작업순서 확인,"시공상세도, 자재승인, 선행공정 완료 여부",작업계획서/검측요청서
C-TILE-GROUT-001-02,TILE-GROUT-001,작업중,"작업반장 배치, 간섭사항 조정, 공정·인원·장비 동선관리","작업진도, 품질검측 타이밍, 안전조치 유지",작업일보/사진
C-TILE-GROUT-001-03,TILE-GROUT-001,작업후,"검측 요청, 하자·미시공 사항 보완, 후속공정 인계","완료범위, 청소상태, 보양상태",검측결과/인계기록
C-PAINT-WATER-001-01,PAINT-WATER-001,작업전,도면·시방서·승인자재·작업순서 확인,"시공상세도, 자재승인, 선행공정 완료 여부",작업계획서/검측요청서
C-PAINT-WATER-001-02,PAINT-WATER-001,작업중,"작업반장 배치, 간섭사항 조정, 공정·인원·장비 동선관리","작업진도, 품질검측 타이밍, 안전조치 유지",작업일보/사진
C-PAINT-WATER-001-03,PAINT-WATER-001,작업후,"검측 요청, 하자·미시공 사항 보완, 후속공정 인계","완료범위, 청소상태, 보양상태",검측결과/인계기록
C-PAINT-EPOXY-001-01,PAINT-EPOXY-001,작업전,도면·시방서·승인자재·작업순서 확인,"시공상세도, 자재승인, 선행공정 완료 여부",작업계획서/검측요청서
C-PAINT-EPOXY-001-02,PAINT-EPOXY-001,작업중,"작업반장 배치, 간섭사항 조정, 공정·인원·장비 동선관리","작업진도, 품질검측 타이밍, 안전조치 유지",작업일보/사진
C-PAINT-EPOXY-001-03,PAINT-EPOXY-001,작업후,"검측 요청, 하자·미시공 사항 보완, 후속공정 인계","완료범위, 청소상태, 보양상태",검측결과/인계기록
C-PAINT-ANTIRUST-001-01,PAINT-ANTIRUST-001,작업전,도면·시방서·승인자재·작업순서 확인,"시공상세도, 자재승인, 선행공정 완료 여부",작업계획서/검측요청서
C-PAINT-ANTIRUST-001-02,PAINT-ANTIRUST-001,작업중,"작업반장 배치, 간섭사항 조정, 공정·인원·장비 동선관리","작업진도, 품질검측 타이밍, 안전조치 유지",작업일보/사진
C-PAINT-ANTIRUST-001-03,PAINT-ANTIRUST-001,작업후,"검측 요청, 하자·미시공 사항 보완, 후속공정 인계","완료범위, 청소상태, 보양상태",검측결과/인계기록
C-INTERIOR-BOARD-001-01,INTERIOR-BOARD-001,작업전,도면·시방서·승인자재·작업순서 확인,"시공상세도, 자재승인, 선행공정 완료 여부",작업계획서/검측요청서
C-INTERIOR-BOARD-001-02,INTERIOR-BOARD-001,작업중,"작업반장 배치, 간섭사항 조정, 공정·인원·장비 동선관리","작업진도, 품질검측 타이밍, 안전조치 유지",작업일보/사진
C-INTERIOR-BOARD-001-03,INTERIOR-BOARD-001,작업후,"검측 요청, 하자·미시공 사항 보완, 후속공정 인계","완료범위, 청소상태, 보양상태",검측결과/인계기록
C-INTERIOR-CEIL-001-01,INTERIOR-CEIL-001,작업전,도면·시방서·승인자재·작업순서 확인,"시공상세도, 자재승인, 선행공정 완료 여부",작업계획서/검측요청서
C-INTERIOR-CEIL-001-02,INTERIOR-CEIL-001,작업중,"작업반장 배치, 간섭사항 조정, 공정·인원·장비 동선관리","작업진도, 품질검측 타이밍, 안전조치 유지",작업일보/사진
C-INTERIOR-CEIL-001-03,INTERIOR-CEIL-001,작업후,"검측 요청, 하자·미시공 사항 보완, 후속공정 인계","완료범위, 청소상태, 보양상태",검측결과/인계기록
C-INTERIOR-FIN-001-01,INTERIOR-FIN-001,작업전,도면·시방서·승인자재·작업순서 확인,"시공상세도, 자재승인, 선행공정 완료 여부",작업계획서/검측요청서
C-INTERIOR-FIN-001-02,INTERIOR-FIN-001,작업중,"작업반장 배치, 간섭사항 조정, 공정·인원·장비 동선관리","작업진도, 품질검측 타이밍, 안전조치 유지",작업일보/사진
C-INTERIOR-FIN-001-03,INTERIOR-FIN-001,작업후,"검측 요청, 하자·미시공 사항 보완, 후속공정 인계","완료범위, 청소상태, 보양상태",검측결과/인계기록
C-MECH-PIPE-001-01,MECH-PIPE-001,작업전,도면·시방서·승인자재·작업순서 확인,"시공상세도, 자재승인, 선행공정 완료 여부",작업계획서/검측요청서
C-MECH-PIPE-001-02,MECH-PIPE-001,작업중,"작업반장 배치, 간섭사항 조정, 공정·인원·장비 동선관리","작업진도, 품질검측 타이밍, 안전조치 유지",작업일보/사진
C-MECH-PIPE-001-03,MECH-PIPE-001,작업후,"검측 요청, 하자·미시공 사항 보완, 후속공정 인계","완료범위, 청소상태, 보양상태",검측결과/인계기록
C-MECH-DRAIN-001-01,MECH-DRAIN-001,작업전,도면·시방서·승인자재·작업순서 확인,"시공상세도, 자재승인, 선행공정 완료 여부",작업계획서/검측요청서
C-MECH-DRAIN-001-02,MECH-DRAIN-001,작업중,"작업반장 배치, 간섭사항 조정, 공정·인원·장비 동선관리","작업진도, 품질검측 타이밍, 안전조치 유지",작업일보/사진
C-MECH-DRAIN-001-03,MECH-DRAIN-001,작업후,"검측 요청, 하자·미시공 사항 보완, 후속공정 인계","완료범위, 청소상태, 보양상태",검측결과/인계기록
C-MECH-DUCT-001-01,MECH-DUCT-001,작업전,도면·시방서·승인자재·작업순서 확인,"시공상세도, 자재승인, 선행공정 완료 여부",작업계획서/검측요청서
C-MECH-DUCT-001-02,MECH-DUCT-001,작업중,"작업반장 배치, 간섭사항 조정, 공정·인원·장비 동선관리","작업진도, 품질검측 타이밍, 안전조치 유지",작업일보/사진
C-MECH-DUCT-001-03,MECH-DUCT-001,작업후,"검측 요청, 하자·미시공 사항 보완, 후속공정 인계","완료범위, 청소상태, 보양상태",검측결과/인계기록
C-MECH-EQUIP-001-01,MECH-EQUIP-001,작업전,도면·시방서·승인자재·작업순서 확인,"시공상세도, 자재승인, 선행공정 완료 여부",작업계획서/검측요청서
C-MECH-EQUIP-001-02,MECH-EQUIP-001,작업중,"작업반장 배치, 간섭사항 조정, 공정·인원·장비 동선관리","작업진도, 품질검측 타이밍, 안전조치 유지",작업일보/사진
C-MECH-EQUIP-001-03,MECH-EQUIP-001,작업후,"검측 요청, 하자·미시공 사항 보완, 후속공정 인계","완료범위, 청소상태, 보양상태",검측결과/인계기록
C-MECH-TEST-001-01,MECH-TEST-001,작업전,도면·시방서·승인자재·작업순서 확인,"시공상세도, 자재승인, 선행공정 완료 여부",작업계획서/검측요청서
C-MECH-TEST-001-02,MECH-TEST-001,작업중,"작업반장 배치, 간섭사항 조정, 공정·인원·장비 동선관리","작업진도, 품질검측 타이밍, 안전조치 유지",작업일보/사진
C-MECH-TEST-001-03,MECH-TEST-001,작업후,"검측 요청, 하자·미시공 사항 보완, 후속공정 인계","완료범위, 청소상태, 보양상태",검측결과/인계기록
C-ELEC-CONDUIT-001-01,ELEC-CONDUIT-001,작업전,도면·시방서·승인자재·작업순서 확인,"시공상세도, 자재승인, 선행공정 완료 여부",작업계획서/검측요청서
C-ELEC-CONDUIT-001-02,ELEC-CONDUIT-001,작업중,"작업반장 배치, 간섭사항 조정, 공정·인원·장비 동선관리","작업진도, 품질검측 타이밍, 안전조치 유지",작업일보/사진
C-ELEC-CONDUIT-001-03,ELEC-CONDUIT-001,작업후,"검측 요청, 하자·미시공 사항 보완, 후속공정 인계","완료범위, 청소상태, 보양상태",검측결과/인계기록
C-ELEC-WIRE-001-01,ELEC-WIRE-001,작업전,도면·시방서·승인자재·작업순서 확인,"시공상세도, 자재승인, 선행공정 완료 여부",작업계획서/검측요청서
C-ELEC-WIRE-001-02,ELEC-WIRE-001,작업중,"작업반장 배치, 간섭사항 조정, 공정·인원·장비 동선관리","작업진도, 품질검측 타이밍, 안전조치 유지",작업일보/사진
C-ELEC-WIRE-001-03,ELEC-WIRE-001,작업후,"검측 요청, 하자·미시공 사항 보완, 후속공정 인계","완료범위, 청소상태, 보양상태",검측결과/인계기록
C-ELEC-PANEL-001-01,ELEC-PANEL-001,작업전,도면·시방서·승인자재·작업순서 확인,"시공상세도, 자재승인, 선행공정 완료 여부",작업계획서/검측요청서
C-ELEC-PANEL-001-02,ELEC-PANEL-001,작업중,"작업반장 배치, 간섭사항 조정, 공정·인원·장비 동선관리","작업진도, 품질검측 타이밍, 안전조치 유지",작업일보/사진
C-ELEC-PANEL-001-03,ELEC-PANEL-001,작업후,"검측 요청, 하자·미시공 사항 보완, 후속공정 인계","완료범위, 청소상태, 보양상태",검측결과/인계기록
C-ELEC-LIGHT-001-01,ELEC-LIGHT-001,작업전,도면·시방서·승인자재·작업순서 확인,"시공상세도, 자재승인, 선행공정 완료 여부",작업계획서/검측요청서
C-ELEC-LIGHT-001-02,ELEC-LIGHT-001,작업중,"작업반장 배치, 간섭사항 조정, 공정·인원·장비 동선관리","작업진도, 품질검측 타이밍, 안전조치 유지",작업일보/사진
C-ELEC-LIGHT-001-03,ELEC-LIGHT-001,작업후,"검측 요청, 하자·미시공 사항 보완, 후속공정 인계","완료범위, 청소상태, 보양상태",검측결과/인계기록
C-ELEC-GROUND-001-01,ELEC-GROUND-001,작업전,도면·시방서·승인자재·작업순서 확인,"시공상세도, 자재승인, 선행공정 완료 여부",작업계획서/검측요청서
C-ELEC-GROUND-001-02,ELEC-GROUND-001,작업중,"작업반장 배치, 간섭사항 조정, 공정·인원·장비 동선관리","작업진도, 품질검측 타이밍, 안전조치 유지",작업일보/사진
C-ELEC-GROUND-001-03,ELEC-GROUND-001,작업후,"검측 요청, 하자·미시공 사항 보완, 후속공정 인계","완료범위, 청소상태, 보양상태",검측결과/인계기록
C-FIRE-SPR-001-01,FIRE-SPR-001,작업전,도면·시방서·승인자재·작업순서 확인,"시공상세도, 자재승인, 선행공정 완료 여부",작업계획서/검측요청서
C-FIRE-SPR-001-02,FIRE-SPR-001,작업중,"작업반장 배치, 간섭사항 조정, 공정·인원·장비 동선관리","작업진도, 품질검측 타이밍, 안전조치 유지",작업일보/사진
C-FIRE-SPR-001-03,FIRE-SPR-001,작업후,"검측 요청, 하자·미시공 사항 보완, 후속공정 인계","완료범위, 청소상태, 보양상태",검측결과/인계기록
C-FIRE-HYDRANT-001-01,FIRE-HYDRANT-001,작업전,도면·시방서·승인자재·작업순서 확인,"시공상세도, 자재승인, 선행공정 완료 여부",작업계획서/검측요청서
C-FIRE-HYDRANT-001-02,FIRE-HYDRANT-001,작업중,"작업반장 배치, 간섭사항 조정, 공정·인원·장비 동선관리","작업진도, 품질검측 타이밍, 안전조치 유지",작업일보/사진
C-FIRE-HYDRANT-001-03,FIRE-HYDRANT-001,작업후,"검측 요청, 하자·미시공 사항 보완, 후속공정 인계","완료범위, 청소상태, 보양상태",검측결과/인계기록
C-FIRE-ALARM-001-01,FIRE-ALARM-001,작업전,도면·시방서·승인자재·작업순서 확인,"시공상세도, 자재승인, 선행공정 완료 여부",작업계획서/검측요청서
C-FIRE-ALARM-001-02,FIRE-ALARM-001,작업중,"작업반장 배치, 간섭사항 조정, 공정·인원·장비 동선관리","작업진도, 품질검측 타이밍, 안전조치 유지",작업일보/사진
C-FIRE-ALARM-001-03,FIRE-ALARM-001,작업후,"검측 요청, 하자·미시공 사항 보완, 후속공정 인계","완료범위, 청소상태, 보양상태",검측결과/인계기록
C-FIRE-SMOKE-001-01,FIRE-SMOKE-001,작업전,도면·시방서·승인자재·작업순서 확인,"시공상세도, 자재승인, 선행공정 완료 여부",작업계획서/검측요청서
C-FIRE-SMOKE-001-02,FIRE-SMOKE-001,작업중,"작업반장 배치, 간섭사항 조정, 공정·인원·장비 동선관리","작업진도, 품질검측 타이밍, 안전조치 유지",작업일보/사진
C-FIRE-SMOKE-001-03,FIRE-SMOKE-001,작업후,"검측 요청, 하자·미시공 사항 보완, 후속공정 인계","완료범위, 청소상태, 보양상태",검측결과/인계기록
C-EXT-PAVE-001-01,EXT-PAVE-001,작업전,도면·시방서·승인자재·작업순서 확인,"시공상세도, 자재승인, 선행공정 완료 여부",작업계획서/검측요청서
C-EXT-PAVE-001-02,EXT-PAVE-001,작업중,"작업반장 배치, 간섭사항 조정, 공정·인원·장비 동선관리","작업진도, 품질검측 타이밍, 안전조치 유지",작업일보/사진
C-EXT-PAVE-001-03,EXT-PAVE-001,작업후,"검측 요청, 하자·미시공 사항 보완, 후속공정 인계","완료범위, 청소상태, 보양상태",검측결과/인계기록
C-EXT-BLOCK-001-01,EXT-BLOCK-001,작업전,도면·시방서·승인자재·작업순서 확인,"시공상세도, 자재승인, 선행공정 완료 여부",작업계획서/검측요청서
C-EXT-BLOCK-001-02,EXT-BLOCK-001,작업중,"작업반장 배치, 간섭사항 조정, 공정·인원·장비 동선관리","작업진도, 품질검측 타이밍, 안전조치 유지",작업일보/사진
C-EXT-BLOCK-001-03,EXT-BLOCK-001,작업후,"검측 요청, 하자·미시공 사항 보완, 후속공정 인계","완료범위, 청소상태, 보양상태",검측결과/인계기록
C-EXT-MANHOLE-001-01,EXT-MANHOLE-001,작업전,도면·시방서·승인자재·작업순서 확인,"시공상세도, 자재승인, 선행공정 완료 여부",작업계획서/검측요청서
C-EXT-MANHOLE-001-02,EXT-MANHOLE-001,작업중,"작업반장 배치, 간섭사항 조정, 공정·인원·장비 동선관리","작업진도, 품질검측 타이밍, 안전조치 유지",작업일보/사진
C-EXT-MANHOLE-001-03,EXT-MANHOLE-001,작업후,"검측 요청, 하자·미시공 사항 보완, 후속공정 인계","완료범위, 청소상태, 보양상태",검측결과/인계기록
C-LAND-PLANT-001-01,LAND-PLANT-001,작업전,도면·시방서·승인자재·작업순서 확인,"시공상세도, 자재승인, 선행공정 완료 여부",작업계획서/검측요청서
C-LAND-PLANT-001-02,LAND-PLANT-001,작업중,"작업반장 배치, 간섭사항 조정, 공정·인원·장비 동선관리","작업진도, 품질검측 타이밍, 안전조치 유지",작업일보/사진
C-LAND-PLANT-001-03,LAND-PLANT-001,작업후,"검측 요청, 하자·미시공 사항 보완, 후속공정 인계","완료범위, 청소상태, 보양상태",검측결과/인계기록
C-LAND-FAC-001-01,LAND-FAC-001,작업전,도면·시방서·승인자재·작업순서 확인,"시공상세도, 자재승인, 선행공정 완료 여부",작업계획서/검측요청서
C-LAND-FAC-001-02,LAND-FAC-001,작업중,"작업반장 배치, 간섭사항 조정, 공정·인원·장비 동선관리","작업진도, 품질검측 타이밍, 안전조치 유지",작업일보/사진
C-LAND-FAC-001-03,LAND-FAC-001,작업후,"검측 요청, 하자·미시공 사항 보완, 후속공정 인계","완료범위, 청소상태, 보양상태",검측결과/인계기록
C-CLOSE-CLEAN-001-01,CLOSE-CLEAN-001,작업전,도면·시방서·승인자재·작업순서 확인,"시공상세도, 자재승인, 선행공정 완료 여부",작업계획서/검측요청서
C-CLOSE-CLEAN-001-02,CLOSE-CLEAN-001,작업중,"작업반장 배치, 간섭사항 조정, 공정·인원·장비 동선관리","작업진도, 품질검측 타이밍, 안전조치 유지",작업일보/사진
C-CLOSE-CLEAN-001-03,CLOSE-CLEAN-001,작업후,"검측 요청, 하자·미시공 사항 보완, 후속공정 인계","완료범위, 청소상태, 보양상태",검측결과/인계기록
C-CLOSE-TEST-001-01,CLOSE-TEST-001,작업전,도면·시방서·승인자재·작업순서 확인,"시공상세도, 자재승인, 선행공정 완료 여부",작업계획서/검측요청서
C-CLOSE-TEST-001-02,CLOSE-TEST-001,작업중,"작업반장 배치, 간섭사항 조정, 공정·인원·장비 동선관리","작업진도, 품질검측 타이밍, 안전조치 유지",작업일보/사진
C-CLOSE-TEST-001-03,CLOSE-TEST-001,작업후,"검측 요청, 하자·미시공 사항 보완, 후속공정 인계","완료범위, 청소상태, 보양상태",검측결과/인계기록
C-CLOSE-DOC-001-01,CLOSE-DOC-001,작업전,도면·시방서·승인자재·작업순서 확인,"시공상세도, 자재승인, 선행공정 완료 여부",작업계획서/검측요청서
C-CLOSE-DOC-001-02,CLOSE-DOC-001,작업중,"작업반장 배치, 간섭사항 조정, 공정·인원·장비 동선관리","작업진도, 품질검측 타이밍, 안전조치 유지",작업일보/사진
C-CLOSE-DOC-001-03,CLOSE-DOC-001,작업후,"검측 요청, 하자·미시공 사항 보완, 후속공정 인계","완료범위, 청소상태, 보양상태",검측결과/인계기록
