관리ID,작업ID,단계,공사/안전이 해야할 일,확인자,기록/증빙,출처URL
S-TEMP-FENCE-001-01,TEMP-FENCE-001,작업전,"TBM 실시, 작업허가·위험성평가 확인, 작업구역 통제, PPE 착용상태 확인",공사/안전,"TBM일지, 위험성평가표, 작업허가서",https://www.seosan.go.kr/DATA/bbs/127/202306081003043690zfz1A.pdf
S-TEMP-FENCE-001-02,TEMP-FENCE-001,작업중,"작업반경 출입통제, 신호수 배치, 추락·낙하방지 조치 유지, 이상 징후 즉시 중지",공사/안전,"순회점검일지, 사진대지",https://www.law.go.kr/LSW//lsInfoP.do?ancYnChk=0&lsId=007363
S-TEMP-FENCE-001-03,TEMP-FENCE-001,작업후,"잔재 정리, 통로 확보, 임시시설 원상복구, 미결함 기록",공사/안전,"정리정돈 체크, 미결사항 조치기록",https://www.kosha.or.kr/
S-TEMP-OFFICE-001-01,TEMP-OFFICE-001,작업전,"TBM 실시, 작업허가·위험성평가 확인, 작업구역 통제, PPE 착용상태 확인",공사/안전,"TBM일지, 위험성평가표, 작업허가서",https://www.seosan.go.kr/DATA/bbs/127/202306081003043690zfz1A.pdf
S-TEMP-OFFICE-001-02,TEMP-OFFICE-001,작업중,"작업반경 출입통제, 신호수 배치, 추락·낙하방지 조치 유지, 이상 징후 즉시 중지",공사/안전,"순회점검일지, 사진대지",https://www.law.go.kr/LSW//lsInfoP.do?ancYnChk=0&lsId=007363
S-TEMP-OFFICE-001-03,TEMP-OFFICE-001,작업후,"잔재 정리, 통로 확보, 임시시설 원상복구, 미결함 기록",공사/안전,"정리정돈 체크, 미결사항 조치기록",https://www.kosha.or.kr/
S-TEMP-ELEC-001-01,TEMP-ELEC-001,작업전,"TBM 실시, 작업허가·위험성평가 확인, 작업구역 통제, PPE 착용상태 확인",공사/안전,"TBM일지, 위험성평가표, 작업허가서",https://www.seosan.go.kr/DATA/bbs/127/202306081003043690zfz1A.pdf
S-TEMP-ELEC-001-02,TEMP-ELEC-001,작업중,"작업반경 출입통제, 신호수 배치, 추락·낙하방지 조치 유지, 이상 징후 즉시 중지",공사/안전,"순회점검일지, 사진대지",https://www.law.go.kr/LSW//lsInfoP.do?ancYnChk=0&lsId=007363
S-TEMP-ELEC-001-03,TEMP-ELEC-001,작업후,"잔재 정리, 통로 확보, 임시시설 원상복구, 미결함 기록",공사/안전,"정리정돈 체크, 미결사항 조치기록",https://www.kosha.or.kr/
S-TEMP-WATER-001-01,TEMP-WATER-001,작업전,"TBM 실시, 작업허가·위험성평가 확인, 작업구역 통제, PPE 착용상태 확인",공사/안전,"TBM일지, 위험성평가표, 작업허가서",https://www.seosan.go.kr/DATA/bbs/127/202306081003043690zfz1A.pdf
S-TEMP-WATER-001-02,TEMP-WATER-001,작업중,"작업반경 출입통제, 신호수 배치, 추락·낙하방지 조치 유지, 이상 징후 즉시 중지",공사/안전,"순회점검일지, 사진대지",https://www.law.go.kr/LSW//lsInfoP.do?ancYnChk=0&lsId=007363
S-TEMP-WATER-001-03,TEMP-WATER-001,작업후,"잔재 정리, 통로 확보, 임시시설 원상복구, 미결함 기록",공사/안전,"정리정돈 체크, 미결사항 조치기록",https://www.kosha.or.kr/
S-TEMP-SCAFF-001-01,TEMP-SCAFF-001,작업전,"TBM 실시, 작업허가·위험성평가 확인, 작업구역 통제, PPE 착용상태 확인",공사/안전,"TBM일지, 위험성평가표, 작업허가서",https://www.seosan.go.kr/DATA/bbs/127/202306081003043690zfz1A.pdf
S-TEMP-SCAFF-001-02,TEMP-SCAFF-001,작업중,"작업반경 출입통제, 신호수 배치, 추락·낙하방지 조치 유지, 이상 징후 즉시 중지",공사/안전,"순회점검일지, 사진대지",https://www.law.go.kr/LSW//lsInfoP.do?ancYnChk=0&lsId=007363
S-TEMP-SCAFF-001-03,TEMP-SCAFF-001,작업후,"잔재 정리, 통로 확보, 임시시설 원상복구, 미결함 기록",공사/안전,"정리정돈 체크, 미결사항 조치기록",https://www.kosha.or.kr/
S-TEMP-SCAFF-002-01,TEMP-SCAFF-002,작업전,"TBM 실시, 작업허가·위험성평가 확인, 작업구역 통제, PPE 착용상태 확인",공사/안전,"TBM일지, 위험성평가표, 작업허가서",https://www.seosan.go.kr/DATA/bbs/127/202306081003043690zfz1A.pdf
S-TEMP-SCAFF-002-02,TEMP-SCAFF-002,작업중,"작업반경 출입통제, 신호수 배치, 추락·낙하방지 조치 유지, 이상 징후 즉시 중지",공사/안전,"순회점검일지, 사진대지",https://www.law.go.kr/LSW//lsInfoP.do?ancYnChk=0&lsId=007363
S-TEMP-SCAFF-002-03,TEMP-SCAFF-002,작업후,"잔재 정리, 통로 확보, 임시시설 원상복구, 미결함 기록",공사/안전,"정리정돈 체크, 미결사항 조치기록",https://www.kosha.or.kr/
S-TEMP-DECK-001-01,TEMP-DECK-001,작업전,"TBM 실시, 작업허가·위험성평가 확인, 작업구역 통제, PPE 착용상태 확인",공사/안전,"TBM일지, 위험성평가표, 작업허가서",https://www.seosan.go.kr/DATA/bbs/127/202306081003043690zfz1A.pdf
S-TEMP-DECK-001-02,TEMP-DECK-001,작업중,"작업반경 출입통제, 신호수 배치, 추락·낙하방지 조치 유지, 이상 징후 즉시 중지",공사/안전,"순회점검일지, 사진대지",https://www.law.go.kr/LSW//lsInfoP.do?ancYnChk=0&lsId=007363
S-TEMP-DECK-001-03,TEMP-DECK-001,작업후,"잔재 정리, 통로 확보, 임시시설 원상복구, 미결함 기록",공사/안전,"정리정돈 체크, 미결사항 조치기록",https://www.kosha.or.kr/
S-TEMP-NET-001-01,TEMP-NET-001,작업전,"TBM 실시, 작업허가·위험성평가 확인, 작업구역 통제, PPE 착용상태 확인",공사/안전,"TBM일지, 위험성평가표, 작업허가서",https://www.seosan.go.kr/DATA/bbs/127/202306081003043690zfz1A.pdf
S-TEMP-NET-001-02,TEMP-NET-001,작업중,"작업반경 출입통제, 신호수 배치, 추락·낙하방지 조치 유지, 이상 징후 즉시 중지",공사/안전,"순회점검일지, 사진대지",https://www.law.go.kr/LSW//lsInfoP.do?ancYnChk=0&lsId=007363
S-TEMP-NET-001-03,TEMP-NET-001,작업후,"잔재 정리, 통로 확보, 임시시설 원상복구, 미결함 기록",공사/안전,"정리정돈 체크, 미결사항 조치기록",https://www.kosha.or.kr/
S-EARTH-CLEAR-001-01,EARTH-CLEAR-001,작업전,"TBM 실시, 작업허가·위험성평가 확인, 작업구역 통제, PPE 착용상태 확인",공사/안전,"TBM일지, 위험성평가표, 작업허가서",https://www.seosan.go.kr/DATA/bbs/127/202306081003043690zfz1A.pdf
S-EARTH-CLEAR-001-02,EARTH-CLEAR-001,작업중,"작업반경 출입통제, 신호수 배치, 추락·낙하방지 조치 유지, 이상 징후 즉시 중지",공사/안전,"순회점검일지, 사진대지",https://www.law.go.kr/LSW//lsInfoP.do?ancYnChk=0&lsId=007363
S-EARTH-CLEAR-001-03,EARTH-CLEAR-001,작업후,"잔재 정리, 통로 확보, 임시시설 원상복구, 미결함 기록",공사/안전,"정리정돈 체크, 미결사항 조치기록",https://www.kosha.or.kr/
S-EARTH-EXC-001-01,EARTH-EXC-001,작업전,"TBM 실시, 작업허가·위험성평가 확인, 작업구역 통제, PPE 착용상태 확인",공사/안전,"TBM일지, 위험성평가표, 작업허가서",https://www.seosan.go.kr/DATA/bbs/127/202306081003043690zfz1A.pdf
S-EARTH-EXC-001-02,EARTH-EXC-001,작업중,"작업반경 출입통제, 신호수 배치, 추락·낙하방지 조치 유지, 이상 징후 즉시 중지",공사/안전,"순회점검일지, 사진대지",https://www.law.go.kr/LSW//lsInfoP.do?ancYnChk=0&lsId=007363
S-EARTH-EXC-001-03,EARTH-EXC-001,작업후,"잔재 정리, 통로 확보, 임시시설 원상복구, 미결함 기록",공사/안전,"정리정돈 체크, 미결사항 조치기록",https://www.kosha.or.kr/
S-EARTH-EXC-002-01,EARTH-EXC-002,작업전,"TBM 실시, 작업허가·위험성평가 확인, 작업구역 통제, PPE 착용상태 확인",공사/안전,"TBM일지, 위험성평가표, 작업허가서",https://www.seosan.go.kr/DATA/bbs/127/202306081003043690zfz1A.pdf
S-EARTH-EXC-002-02,EARTH-EXC-002,작업중,"작업반경 출입통제, 신호수 배치, 추락·낙하방지 조치 유지, 이상 징후 즉시 중지",공사/안전,"순회점검일지, 사진대지",https://www.law.go.kr/LSW//lsInfoP.do?ancYnChk=0&lsId=007363
S-EARTH-EXC-002-03,EARTH-EXC-002,작업후,"잔재 정리, 통로 확보, 임시시설 원상복구, 미결함 기록",공사/안전,"정리정돈 체크, 미결사항 조치기록",https://www.kosha.or.kr/
S-EARTH-ROCK-001-01,EARTH-ROCK-001,작업전,"TBM 실시, 작업허가·위험성평가 확인, 작업구역 통제, PPE 착용상태 확인",공사/안전,"TBM일지, 위험성평가표, 작업허가서",https://www.seosan.go.kr/DATA/bbs/127/202306081003043690zfz1A.pdf
S-EARTH-ROCK-001-02,EARTH-ROCK-001,작업중,"작업반경 출입통제, 신호수 배치, 추락·낙하방지 조치 유지, 이상 징후 즉시 중지",공사/안전,"순회점검일지, 사진대지",https://www.law.go.kr/LSW//lsInfoP.do?ancYnChk=0&lsId=007363
S-EARTH-ROCK-001-03,EARTH-ROCK-001,작업후,"잔재 정리, 통로 확보, 임시시설 원상복구, 미결함 기록",공사/안전,"정리정돈 체크, 미결사항 조치기록",https://www.kosha.or.kr/
S-EARTH-HAUL-001-01,EARTH-HAUL-001,작업전,"TBM 실시, 작업허가·위험성평가 확인, 작업구역 통제, PPE 착용상태 확인",공사/안전,"TBM일지, 위험성평가표, 작업허가서",https://www.seosan.go.kr/DATA/bbs/127/202306081003043690zfz1A.pdf
S-EARTH-HAUL-001-02,EARTH-HAUL-001,작업중,"작업반경 출입통제, 신호수 배치, 추락·낙하방지 조치 유지, 이상 징후 즉시 중지",공사/안전,"순회점검일지, 사진대지",https://www.law.go.kr/LSW//lsInfoP.do?ancYnChk=0&lsId=007363
S-EARTH-HAUL-001-03,EARTH-HAUL-001,작업후,"잔재 정리, 통로 확보, 임시시설 원상복구, 미결함 기록",공사/안전,"정리정돈 체크, 미결사항 조치기록",https://www.kosha.or.kr/
S-EARTH-BACK-001-01,EARTH-BACK-001,작업전,"TBM 실시, 작업허가·위험성평가 확인, 작업구역 통제, PPE 착용상태 확인",공사/안전,"TBM일지, 위험성평가표, 작업허가서",https://www.seosan.go.kr/DATA/bbs/127/202306081003043690zfz1A.pdf
S-EARTH-BACK-001-02,EARTH-BACK-001,작업중,"작업반경 출입통제, 신호수 배치, 추락·낙하방지 조치 유지, 이상 징후 즉시 중지",공사/안전,"순회점검일지, 사진대지",https://www.law.go.kr/LSW//lsInfoP.do?ancYnChk=0&lsId=007363
S-EARTH-BACK-001-03,EARTH-BACK-001,작업후,"잔재 정리, 통로 확보, 임시시설 원상복구, 미결함 기록",공사/안전,"정리정돈 체크, 미결사항 조치기록",https://www.kosha.or.kr/
S-EARTH-COMP-001-01,EARTH-COMP-001,작업전,"TBM 실시, 작업허가·위험성평가 확인, 작업구역 통제, PPE 착용상태 확인",공사/안전,"TBM일지, 위험성평가표, 작업허가서",https://www.seosan.go.kr/DATA/bbs/127/202306081003043690zfz1A.pdf
S-EARTH-COMP-001-02,EARTH-COMP-001,작업중,"작업반경 출입통제, 신호수 배치, 추락·낙하방지 조치 유지, 이상 징후 즉시 중지",공사/안전,"순회점검일지, 사진대지",https://www.law.go.kr/LSW//lsInfoP.do?ancYnChk=0&lsId=007363
S-EARTH-COMP-001-03,EARTH-COMP-001,작업후,"잔재 정리, 통로 확보, 임시시설 원상복구, 미결함 기록",공사/안전,"정리정돈 체크, 미결사항 조치기록",https://www.kosha.or.kr/
S-PILE-PHC-001-01,PILE-PHC-001,작업전,"TBM 실시, 작업허가·위험성평가 확인, 작업구역 통제, PPE 착용상태 확인",공사/안전,"TBM일지, 위험성평가표, 작업허가서",https://www.seosan.go.kr/DATA/bbs/127/202306081003043690zfz1A.pdf
S-PILE-PHC-001-02,PILE-PHC-001,작업중,"작업반경 출입통제, 신호수 배치, 추락·낙하방지 조치 유지, 이상 징후 즉시 중지",공사/안전,"순회점검일지, 사진대지",https://www.law.go.kr/LSW//lsInfoP.do?ancYnChk=0&lsId=007363
S-PILE-PHC-001-03,PILE-PHC-001,작업후,"잔재 정리, 통로 확보, 임시시설 원상복구, 미결함 기록",공사/안전,"정리정돈 체크, 미결사항 조치기록",https://www.kosha.or.kr/
S-PILE-DRILL-001-01,PILE-DRILL-001,작업전,"TBM 실시, 작업허가·위험성평가 확인, 작업구역 통제, PPE 착용상태 확인",공사/안전,"TBM일지, 위험성평가표, 작업허가서",https://www.seosan.go.kr/DATA/bbs/127/202306081003043690zfz1A.pdf
S-PILE-DRILL-001-02,PILE-DRILL-001,작업중,"작업반경 출입통제, 신호수 배치, 추락·낙하방지 조치 유지, 이상 징후 즉시 중지",공사/안전,"순회점검일지, 사진대지",https://www.law.go.kr/LSW//lsInfoP.do?ancYnChk=0&lsId=007363
S-PILE-DRILL-001-03,PILE-DRILL-001,작업후,"잔재 정리, 통로 확보, 임시시설 원상복구, 미결함 기록",공사/안전,"정리정돈 체크, 미결사항 조치기록",https://www.kosha.or.kr/
S-PILE-DRIVE-001-01,PILE-DRIVE-001,작업전,"TBM 실시, 작업허가·위험성평가 확인, 작업구역 통제, PPE 착용상태 확인",공사/안전,"TBM일지, 위험성평가표, 작업허가서",https://www.seosan.go.kr/DATA/bbs/127/202306081003043690zfz1A.pdf
S-PILE-DRIVE-001-02,PILE-DRIVE-001,작업중,"작업반경 출입통제, 신호수 배치, 추락·낙하방지 조치 유지, 이상 징후 즉시 중지",공사/안전,"순회점검일지, 사진대지",https://www.law.go.kr/LSW//lsInfoP.do?ancYnChk=0&lsId=007363
S-PILE-DRIVE-001-03,PILE-DRIVE-001,작업후,"잔재 정리, 통로 확보, 임시시설 원상복구, 미결함 기록",공사/안전,"정리정돈 체크, 미결사항 조치기록",https://www.kosha.or.kr/
S-PILE-CUT-001-01,PILE-CUT-001,작업전,"TBM 실시, 작업허가·위험성평가 확인, 작업구역 통제, PPE 착용상태 확인",공사/안전,"TBM일지, 위험성평가표, 작업허가서",https://www.seosan.go.kr/DATA/bbs/127/202306081003043690zfz1A.pdf
S-PILE-CUT-001-02,PILE-CUT-001,작업중,"작업반경 출입통제, 신호수 배치, 추락·낙하방지 조치 유지, 이상 징후 즉시 중지",공사/안전,"순회점검일지, 사진대지",https://www.law.go.kr/LSW//lsInfoP.do?ancYnChk=0&lsId=007363
S-PILE-CUT-001-03,PILE-CUT-001,작업후,"잔재 정리, 통로 확보, 임시시설 원상복구, 미결함 기록",공사/안전,"정리정돈 체크, 미결사항 조치기록",https://www.kosha.or.kr/
S-PILE-GROUT-001-01,PILE-GROUT-001,작업전,"TBM 실시, 작업허가·위험성평가 확인, 작업구역 통제, PPE 착용상태 확인",공사/안전,"TBM일지, 위험성평가표, 작업허가서",https://www.seosan.go.kr/DATA/bbs/127/202306081003043690zfz1A.pdf
S-PILE-GROUT-001-02,PILE-GROUT-001,작업중,"작업반경 출입통제, 신호수 배치, 추락·낙하방지 조치 유지, 이상 징후 즉시 중지",공사/안전,"순회점검일지, 사진대지",https://www.law.go.kr/LSW//lsInfoP.do?ancYnChk=0&lsId=007363
S-PILE-GROUT-001-03,PILE-GROUT-001,작업후,"잔재 정리, 통로 확보, 임시시설 원상복구, 미결함 기록",공사/안전,"정리정돈 체크, 미결사항 조치기록",https://www.kosha.or.kr/
S-RC-FORM-001-01,RC-FORM-001,작업전,"TBM 실시, 작업허가·위험성평가 확인, 작업구역 통제, PPE 착용상태 확인",공사/안전,"TBM일지, 위험성평가표, 작업허가서",https://www.seosan.go.kr/DATA/bbs/127/202306081003043690zfz1A.pdf
S-RC-FORM-001-02,RC-FORM-001,작업중,"작업반경 출입통제, 신호수 배치, 추락·낙하방지 조치 유지, 이상 징후 즉시 중지",공사/안전,"순회점검일지, 사진대지",https://www.law.go.kr/LSW//lsInfoP.do?ancYnChk=0&lsId=007363
S-RC-FORM-001-03,RC-FORM-001,작업후,"잔재 정리, 통로 확보, 임시시설 원상복구, 미결함 기록",공사/안전,"정리정돈 체크, 미결사항 조치기록",https://www.kosha.or.kr/
S-RC-FORM-002-01,RC-FORM-002,작업전,"TBM 실시, 작업허가·위험성평가 확인, 작업구역 통제, PPE 착용상태 확인",공사/안전,"TBM일지, 위험성평가표, 작업허가서",https://www.seosan.go.kr/DATA/bbs/127/202306081003043690zfz1A.pdf
S-RC-FORM-002-02,RC-FORM-002,작업중,"작업반경 출입통제, 신호수 배치, 추락·낙하방지 조치 유지, 이상 징후 즉시 중지",공사/안전,"순회점검일지, 사진대지",https://www.law.go.kr/LSW//lsInfoP.do?ancYnChk=0&lsId=007363
S-RC-FORM-002-03,RC-FORM-002,작업후,"잔재 정리, 통로 확보, 임시시설 원상복구, 미결함 기록",공사/안전,"정리정돈 체크, 미결사항 조치기록",https://www.kosha.or.kr/
S-RC-FORM-003-01,RC-FORM-003,작업전,"TBM 실시, 작업허가·위험성평가 확인, 작업구역 통제, PPE 착용상태 확인",공사/안전,"TBM일지, 위험성평가표, 작업허가서",https://www.seosan.go.kr/DATA/bbs/127/202306081003043690zfz1A.pdf
S-RC-FORM-003-02,RC-FORM-003,작업중,"작업반경 출입통제, 신호수 배치, 추락·낙하방지 조치 유지, 이상 징후 즉시 중지",공사/안전,"순회점검일지, 사진대지",https://www.law.go.kr/LSW//lsInfoP.do?ancYnChk=0&lsId=007363
S-RC-FORM-003-03,RC-FORM-003,작업후,"잔재 정리, 통로 확보, 임시시설 원상복구, 미결함 기록",공사/안전,"정리정돈 체크, 미결사항 조치기록",https://www.kosha.or.kr/
S-RC-FORM-004-01,RC-FORM-004,작업전,"TBM 실시, 작업허가·위험성평가 확인, 작업구역 통제, PPE 착용상태 확인",공사/안전,"TBM일지, 위험성평가표, 작업허가서",https://www.seosan.go.kr/DATA/bbs/127/202306081003043690zfz1A.pdf
S-RC-FORM-004-02,RC-FORM-004,작업중,"작업반경 출입통제, 신호수 배치, 추락·낙하방지 조치 유지, 이상 징후 즉시 중지",공사/안전,"순회점검일지, 사진대지",https://www.law.go.kr/LSW//lsInfoP.do?ancYnChk=0&lsId=007363
S-RC-FORM-004-03,RC-FORM-004,작업후,"잔재 정리, 통로 확보, 임시시설 원상복구, 미결함 기록",공사/안전,"정리정돈 체크, 미결사항 조치기록",https://www.kosha.or.kr/
S-RC-REBAR-001-01,RC-REBAR-001,작업전,"TBM 실시, 작업허가·위험성평가 확인, 작업구역 통제, PPE 착용상태 확인",공사/안전,"TBM일지, 위험성평가표, 작업허가서",https://www.seosan.go.kr/DATA/bbs/127/202306081003043690zfz1A.pdf
S-RC-REBAR-001-02,RC-REBAR-001,작업중,"작업반경 출입통제, 신호수 배치, 추락·낙하방지 조치 유지, 이상 징후 즉시 중지",공사/안전,"순회점검일지, 사진대지",https://www.law.go.kr/LSW//lsInfoP.do?ancYnChk=0&lsId=007363
S-RC-REBAR-001-03,RC-REBAR-001,작업후,"잔재 정리, 통로 확보, 임시시설 원상복구, 미결함 기록",공사/안전,"정리정돈 체크, 미결사항 조치기록",https://www.kosha.or.kr/
S-RC-REBAR-002-01,RC-REBAR-002,작업전,"TBM 실시, 작업허가·위험성평가 확인, 작업구역 통제, PPE 착용상태 확인",공사/안전,"TBM일지, 위험성평가표, 작업허가서",https://www.seosan.go.kr/DATA/bbs/127/202306081003043690zfz1A.pdf
S-RC-REBAR-002-02,RC-REBAR-002,작업중,"작업반경 출입통제, 신호수 배치, 추락·낙하방지 조치 유지, 이상 징후 즉시 중지",공사/안전,"순회점검일지, 사진대지",https://www.law.go.kr/LSW//lsInfoP.do?ancYnChk=0&lsId=007363
S-RC-REBAR-002-03,RC-REBAR-002,작업후,"잔재 정리, 통로 확보, 임시시설 원상복구, 미결함 기록",공사/안전,"정리정돈 체크, 미결사항 조치기록",https://www.kosha.or.kr/
S-RC-REBAR-003-01,RC-REBAR-003,작업전,"TBM 실시, 작업허가·위험성평가 확인, 작업구역 통제, PPE 착용상태 확인",공사/안전,"TBM일지, 위험성평가표, 작업허가서",https://www.seosan.go.kr/DATA/bbs/127/202306081003043690zfz1A.pdf
S-RC-REBAR-003-02,RC-REBAR-003,작업중,"작업반경 출입통제, 신호수 배치, 추락·낙하방지 조치 유지, 이상 징후 즉시 중지",공사/안전,"순회점검일지, 사진대지",https://www.law.go.kr/LSW//lsInfoP.do?ancYnChk=0&lsId=007363
S-RC-REBAR-003-03,RC-REBAR-003,작업후,"잔재 정리, 통로 확보, 임시시설 원상복구, 미결함 기록",공사/안전,"정리정돈 체크, 미결사항 조치기록",https://www.kosha.or.kr/
S-RC-REBAR-004-01,RC-REBAR-004,작업전,"TBM 실시, 작업허가·위험성평가 확인, 작업구역 통제, PPE 착용상태 확인",공사/안전,"TBM일지, 위험성평가표, 작업허가서",https://www.seosan.go.kr/DATA/bbs/127/202306081003043690zfz1A.pdf
S-RC-REBAR-004-02,RC-REBAR-004,작업중,"작업반경 출입통제, 신호수 배치, 추락·낙하방지 조치 유지, 이상 징후 즉시 중지",공사/안전,"순회점검일지, 사진대지",https://www.law.go.kr/LSW//lsInfoP.do?ancYnChk=0&lsId=007363
S-RC-REBAR-004-03,RC-REBAR-004,작업후,"잔재 정리, 통로 확보, 임시시설 원상복구, 미결함 기록",공사/안전,"정리정돈 체크, 미결사항 조치기록",https://www.kosha.or.kr/
S-RC-CONC-001-01,RC-CONC-001,작업전,"TBM 실시, 작업허가·위험성평가 확인, 작업구역 통제, PPE 착용상태 확인",공사/안전,"TBM일지, 위험성평가표, 작업허가서",https://www.seosan.go.kr/DATA/bbs/127/202306081003043690zfz1A.pdf
S-RC-CONC-001-02,RC-CONC-001,작업중,"작업반경 출입통제, 신호수 배치, 추락·낙하방지 조치 유지, 이상 징후 즉시 중지",공사/안전,"순회점검일지, 사진대지",https://www.law.go.kr/LSW//lsInfoP.do?ancYnChk=0&lsId=007363
S-RC-CONC-001-03,RC-CONC-001,작업후,"잔재 정리, 통로 확보, 임시시설 원상복구, 미결함 기록",공사/안전,"정리정돈 체크, 미결사항 조치기록",https://www.kosha.or.kr/
S-RC-CONC-002-01,RC-CONC-002,작업전,"TBM 실시, 작업허가·위험성평가 확인, 작업구역 통제, PPE 착용상태 확인",공사/안전,"TBM일지, 위험성평가표, 작업허가서",https://www.seosan.go.kr/DATA/bbs/127/202306081003043690zfz1A.pdf
S-RC-CONC-002-02,RC-CONC-002,작업중,"작업반경 출입통제, 신호수 배치, 추락·낙하방지 조치 유지, 이상 징후 즉시 중지",공사/안전,"순회점검일지, 사진대지",https://www.law.go.kr/LSW//lsInfoP.do?ancYnChk=0&lsId=007363
S-RC-CONC-002-03,RC-CONC-002,작업후,"잔재 정리, 통로 확보, 임시시설 원상복구, 미결함 기록",공사/안전,"정리정돈 체크, 미결사항 조치기록",https://www.kosha.or.kr/
S-RC-CONC-003-01,RC-CONC-003,작업전,"TBM 실시, 작업허가·위험성평가 확인, 작업구역 통제, PPE 착용상태 확인",공사/안전,"TBM일지, 위험성평가표, 작업허가서",https://www.seosan.go.kr/DATA/bbs/127/202306081003043690zfz1A.pdf
S-RC-CONC-003-02,RC-CONC-003,작업중,"작업반경 출입통제, 신호수 배치, 추락·낙하방지 조치 유지, 이상 징후 즉시 중지",공사/안전,"순회점검일지, 사진대지",https://www.law.go.kr/LSW//lsInfoP.do?ancYnChk=0&lsId=007363
S-RC-CONC-003-03,RC-CONC-003,작업후,"잔재 정리, 통로 확보, 임시시설 원상복구, 미결함 기록",공사/안전,"정리정돈 체크, 미결사항 조치기록",https://www.kosha.or.kr/
S-RC-CURE-001-01,RC-CURE-001,작업전,"TBM 실시, 작업허가·위험성평가 확인, 작업구역 통제, PPE 착용상태 확인",공사/안전,"TBM일지, 위험성평가표, 작업허가서",https://www.seosan.go.kr/DATA/bbs/127/202306081003043690zfz1A.pdf
S-RC-CURE-001-02,RC-CURE-001,작업중,"작업반경 출입통제, 신호수 배치, 추락·낙하방지 조치 유지, 이상 징후 즉시 중지",공사/안전,"순회점검일지, 사진대지",https://www.law.go.kr/LSW//lsInfoP.do?ancYnChk=0&lsId=007363
S-RC-CURE-001-03,RC-CURE-001,작업후,"잔재 정리, 통로 확보, 임시시설 원상복구, 미결함 기록",공사/안전,"정리정돈 체크, 미결사항 조치기록",https://www.kosha.or.kr/
S-RC-TEST-001-01,RC-TEST-001,작업전,"TBM 실시, 작업허가·위험성평가 확인, 작업구역 통제, PPE 착용상태 확인",공사/안전,"TBM일지, 위험성평가표, 작업허가서",https://www.seosan.go.kr/DATA/bbs/127/202306081003043690zfz1A.pdf
S-RC-TEST-001-02,RC-TEST-001,작업중,"작업반경 출입통제, 신호수 배치, 추락·낙하방지 조치 유지, 이상 징후 즉시 중지",공사/안전,"순회점검일지, 사진대지",https://www.law.go.kr/LSW//lsInfoP.do?ancYnChk=0&lsId=007363
S-RC-TEST-001-03,RC-TEST-001,작업후,"잔재 정리, 통로 확보, 임시시설 원상복구, 미결함 기록",공사/안전,"정리정돈 체크, 미결사항 조치기록",https://www.kosha.or.kr/
S-STEEL-ANCHOR-001-01,STEEL-ANCHOR-001,작업전,"TBM 실시, 작업허가·위험성평가 확인, 작업구역 통제, PPE 착용상태 확인",공사/안전,"TBM일지, 위험성평가표, 작업허가서",https://www.seosan.go.kr/DATA/bbs/127/202306081003043690zfz1A.pdf
S-STEEL-ANCHOR-001-02,STEEL-ANCHOR-001,작업중,"작업반경 출입통제, 신호수 배치, 추락·낙하방지 조치 유지, 이상 징후 즉시 중지",공사/안전,"순회점검일지, 사진대지",https://www.law.go.kr/LSW//lsInfoP.do?ancYnChk=0&lsId=007363
S-STEEL-ANCHOR-001-03,STEEL-ANCHOR-001,작업후,"잔재 정리, 통로 확보, 임시시설 원상복구, 미결함 기록",공사/안전,"정리정돈 체크, 미결사항 조치기록",https://www.kosha.or.kr/
S-STEEL-ERECT-001-01,STEEL-ERECT-001,작업전,"TBM 실시, 작업허가·위험성평가 확인, 작업구역 통제, PPE 착용상태 확인",공사/안전,"TBM일지, 위험성평가표, 작업허가서",https://www.seosan.go.kr/DATA/bbs/127/202306081003043690zfz1A.pdf
S-STEEL-ERECT-001-02,STEEL-ERECT-001,작업중,"작업반경 출입통제, 신호수 배치, 추락·낙하방지 조치 유지, 이상 징후 즉시 중지",공사/안전,"순회점검일지, 사진대지",https://www.law.go.kr/LSW//lsInfoP.do?ancYnChk=0&lsId=007363
S-STEEL-ERECT-001-03,STEEL-ERECT-001,작업후,"잔재 정리, 통로 확보, 임시시설 원상복구, 미결함 기록",공사/안전,"정리정돈 체크, 미결사항 조치기록",https://www.kosha.or.kr/
S-STEEL-BOLT-001-01,STEEL-BOLT-001,작업전,"TBM 실시, 작업허가·위험성평가 확인, 작업구역 통제, PPE 착용상태 확인",공사/안전,"TBM일지, 위험성평가표, 작업허가서",https://www.seosan.go.kr/DATA/bbs/127/202306081003043690zfz1A.pdf
S-STEEL-BOLT-001-02,STEEL-BOLT-001,작업중,"작업반경 출입통제, 신호수 배치, 추락·낙하방지 조치 유지, 이상 징후 즉시 중지",공사/안전,"순회점검일지, 사진대지",https://www.law.go.kr/LSW//lsInfoP.do?ancYnChk=0&lsId=007363
S-STEEL-BOLT-001-03,STEEL-BOLT-001,작업후,"잔재 정리, 통로 확보, 임시시설 원상복구, 미결함 기록",공사/안전,"정리정돈 체크, 미결사항 조치기록",https://www.kosha.or.kr/
S-STEEL-WELD-001-01,STEEL-WELD-001,작업전,"TBM 실시, 작업허가·위험성평가 확인, 작업구역 통제, PPE 착용상태 확인",공사/안전,"TBM일지, 위험성평가표, 작업허가서",https://www.seosan.go.kr/DATA/bbs/127/202306081003043690zfz1A.pdf
S-STEEL-WELD-001-02,STEEL-WELD-001,작업중,"작업반경 출입통제, 신호수 배치, 추락·낙하방지 조치 유지, 이상 징후 즉시 중지",공사/안전,"순회점검일지, 사진대지",https://www.law.go.kr/LSW//lsInfoP.do?ancYnChk=0&lsId=007363
S-STEEL-WELD-001-03,STEEL-WELD-001,작업후,"잔재 정리, 통로 확보, 임시시설 원상복구, 미결함 기록",공사/안전,"정리정돈 체크, 미결사항 조치기록",https://www.kosha.or.kr/
S-STEEL-DECK-001-01,STEEL-DECK-001,작업전,"TBM 실시, 작업허가·위험성평가 확인, 작업구역 통제, PPE 착용상태 확인",공사/안전,"TBM일지, 위험성평가표, 작업허가서",https://www.seosan.go.kr/DATA/bbs/127/202306081003043690zfz1A.pdf
S-STEEL-DECK-001-02,STEEL-DECK-001,작업중,"작업반경 출입통제, 신호수 배치, 추락·낙하방지 조치 유지, 이상 징후 즉시 중지",공사/안전,"순회점검일지, 사진대지",https://www.law.go.kr/LSW//lsInfoP.do?ancYnChk=0&lsId=007363
S-STEEL-DECK-001-03,STEEL-DECK-001,작업후,"잔재 정리, 통로 확보, 임시시설 원상복구, 미결함 기록",공사/안전,"정리정돈 체크, 미결사항 조치기록",https://www.kosha.or.kr/
S-STEEL-FIRE-001-01,STEEL-FIRE-001,작업전,"TBM 실시, 작업허가·위험성평가 확인, 작업구역 통제, PPE 착용상태 확인",공사/안전,"TBM일지, 위험성평가표, 작업허가서",https://www.seosan.go.kr/DATA/bbs/127/202306081003043690zfz1A.pdf
S-STEEL-FIRE-001-02,STEEL-FIRE-001,작업중,"작업반경 출입통제, 신호수 배치, 추락·낙하방지 조치 유지, 이상 징후 즉시 중지",공사/안전,"순회점검일지, 사진대지",https://www.law.go.kr/LSW//lsInfoP.do?ancYnChk=0&lsId=007363
S-STEEL-FIRE-001-03,STEEL-FIRE-001,작업후,"잔재 정리, 통로 확보, 임시시설 원상복구, 미결함 기록",공사/안전,"정리정돈 체크, 미결사항 조치기록",https://www.kosha.or.kr/
S-MASON-BRICK-001-01,MASON-BRICK-001,작업전,"TBM 실시, 작업허가·위험성평가 확인, 작업구역 통제, PPE 착용상태 확인",공사/안전,"TBM일지, 위험성평가표, 작업허가서",https://www.seosan.go.kr/DATA/bbs/127/202306081003043690zfz1A.pdf
S-MASON-BRICK-001-02,MASON-BRICK-001,작업중,"작업반경 출입통제, 신호수 배치, 추락·낙하방지 조치 유지, 이상 징후 즉시 중지",공사/안전,"순회점검일지, 사진대지",https://www.law.go.kr/LSW//lsInfoP.do?ancYnChk=0&lsId=007363
S-MASON-BRICK-001-03,MASON-BRICK-001,작업후,"잔재 정리, 통로 확보, 임시시설 원상복구, 미결함 기록",공사/안전,"정리정돈 체크, 미결사항 조치기록",https://www.kosha.or.kr/
S-MASON-BLOCK-001-01,MASON-BLOCK-001,작업전,"TBM 실시, 작업허가·위험성평가 확인, 작업구역 통제, PPE 착용상태 확인",공사/안전,"TBM일지, 위험성평가표, 작업허가서",https://www.seosan.go.kr/DATA/bbs/127/202306081003043690zfz1A.pdf
S-MASON-BLOCK-001-02,MASON-BLOCK-001,작업중,"작업반경 출입통제, 신호수 배치, 추락·낙하방지 조치 유지, 이상 징후 즉시 중지",공사/안전,"순회점검일지, 사진대지",https://www.law.go.kr/LSW//lsInfoP.do?ancYnChk=0&lsId=007363
S-MASON-BLOCK-001-03,MASON-BLOCK-001,작업후,"잔재 정리, 통로 확보, 임시시설 원상복구, 미결함 기록",공사/안전,"정리정돈 체크, 미결사항 조치기록",https://www.kosha.or.kr/
S-MASON-LINTEL-001-01,MASON-LINTEL-001,작업전,"TBM 실시, 작업허가·위험성평가 확인, 작업구역 통제, PPE 착용상태 확인",공사/안전,"TBM일지, 위험성평가표, 작업허가서",https://www.seosan.go.kr/DATA/bbs/127/202306081003043690zfz1A.pdf
S-MASON-LINTEL-001-02,MASON-LINTEL-001,작업중,"작업반경 출입통제, 신호수 배치, 추락·낙하방지 조치 유지, 이상 징후 즉시 중지",공사/안전,"순회점검일지, 사진대지",https://www.law.go.kr/LSW//lsInfoP.do?ancYnChk=0&lsId=007363
S-MASON-LINTEL-001-03,MASON-LINTEL-001,작업후,"잔재 정리, 통로 확보, 임시시설 원상복구, 미결함 기록",공사/안전,"정리정돈 체크, 미결사항 조치기록",https://www.kosha.or.kr/
S-PLASTER-WALL-001-01,PLASTER-WALL-001,작업전,"TBM 실시, 작업허가·위험성평가 확인, 작업구역 통제, PPE 착용상태 확인",공사/안전,"TBM일지, 위험성평가표, 작업허가서",https://www.seosan.go.kr/DATA/bbs/127/202306081003043690zfz1A.pdf
S-PLASTER-WALL-001-02,PLASTER-WALL-001,작업중,"작업반경 출입통제, 신호수 배치, 추락·낙하방지 조치 유지, 이상 징후 즉시 중지",공사/안전,"순회점검일지, 사진대지",https://www.law.go.kr/LSW//lsInfoP.do?ancYnChk=0&lsId=007363
S-PLASTER-WALL-001-03,PLASTER-WALL-001,작업후,"잔재 정리, 통로 확보, 임시시설 원상복구, 미결함 기록",공사/안전,"정리정돈 체크, 미결사항 조치기록",https://www.kosha.or.kr/
S-PLASTER-FLOOR-001-01,PLASTER-FLOOR-001,작업전,"TBM 실시, 작업허가·위험성평가 확인, 작업구역 통제, PPE 착용상태 확인",공사/안전,"TBM일지, 위험성평가표, 작업허가서",https://www.seosan.go.kr/DATA/bbs/127/202306081003043690zfz1A.pdf
S-PLASTER-FLOOR-001-02,PLASTER-FLOOR-001,작업중,"작업반경 출입통제, 신호수 배치, 추락·낙하방지 조치 유지, 이상 징후 즉시 중지",공사/안전,"순회점검일지, 사진대지",https://www.law.go.kr/LSW//lsInfoP.do?ancYnChk=0&lsId=007363
S-PLASTER-FLOOR-001-03,PLASTER-FLOOR-001,작업후,"잔재 정리, 통로 확보, 임시시설 원상복구, 미결함 기록",공사/안전,"정리정돈 체크, 미결사항 조치기록",https://www.kosha.or.kr/
S-PLASTER-LEVEL-001-01,PLASTER-LEVEL-001,작업전,"TBM 실시, 작업허가·위험성평가 확인, 작업구역 통제, PPE 착용상태 확인",공사/안전,"TBM일지, 위험성평가표, 작업허가서",https://www.seosan.go.kr/DATA/bbs/127/202306081003043690zfz1A.pdf
S-PLASTER-LEVEL-001-02,PLASTER-LEVEL-001,작업중,"작업반경 출입통제, 신호수 배치, 추락·낙하방지 조치 유지, 이상 징후 즉시 중지",공사/안전,"순회점검일지, 사진대지",https://www.law.go.kr/LSW//lsInfoP.do?ancYnChk=0&lsId=007363
S-PLASTER-LEVEL-001-03,PLASTER-LEVEL-001,작업후,"잔재 정리, 통로 확보, 임시시설 원상복구, 미결함 기록",공사/안전,"정리정돈 체크, 미결사항 조치기록",https://www.kosha.or.kr/
S-WATER-URE-001-01,WATER-URE-001,작업전,"TBM 실시, 작업허가·위험성평가 확인, 작업구역 통제, PPE 착용상태 확인",공사/안전,"TBM일지, 위험성평가표, 작업허가서",https://www.seosan.go.kr/DATA/bbs/127/202306081003043690zfz1A.pdf
S-WATER-URE-001-02,WATER-URE-001,작업중,"작업반경 출입통제, 신호수 배치, 추락·낙하방지 조치 유지, 이상 징후 즉시 중지",공사/안전,"순회점검일지, 사진대지",https://www.law.go.kr/LSW//lsInfoP.do?ancYnChk=0&lsId=007363
S-WATER-URE-001-03,WATER-URE-001,작업후,"잔재 정리, 통로 확보, 임시시설 원상복구, 미결함 기록",공사/안전,"정리정돈 체크, 미결사항 조치기록",https://www.kosha.or.kr/
S-WATER-SHEET-001-01,WATER-SHEET-001,작업전,"TBM 실시, 작업허가·위험성평가 확인, 작업구역 통제, PPE 착용상태 확인",공사/안전,"TBM일지, 위험성평가표, 작업허가서",https://www.seosan.go.kr/DATA/bbs/127/202306081003043690zfz1A.pdf
S-WATER-SHEET-001-02,WATER-SHEET-001,작업중,"작업반경 출입통제, 신호수 배치, 추락·낙하방지 조치 유지, 이상 징후 즉시 중지",공사/안전,"순회점검일지, 사진대지",https://www.law.go.kr/LSW//lsInfoP.do?ancYnChk=0&lsId=007363
S-WATER-SHEET-001-03,WATER-SHEET-001,작업후,"잔재 정리, 통로 확보, 임시시설 원상복구, 미결함 기록",공사/안전,"정리정돈 체크, 미결사항 조치기록",https://www.kosha.or.kr/
S-WATER-JOINT-001-01,WATER-JOINT-001,작업전,"TBM 실시, 작업허가·위험성평가 확인, 작업구역 통제, PPE 착용상태 확인",공사/안전,"TBM일지, 위험성평가표, 작업허가서",https://www.seosan.go.kr/DATA/bbs/127/202306081003043690zfz1A.pdf
S-WATER-JOINT-001-02,WATER-JOINT-001,작업중,"작업반경 출입통제, 신호수 배치, 추락·낙하방지 조치 유지, 이상 징후 즉시 중지",공사/안전,"순회점검일지, 사진대지",https://www.law.go.kr/LSW//lsInfoP.do?ancYnChk=0&lsId=007363
S-WATER-JOINT-001-03,WATER-JOINT-001,작업후,"잔재 정리, 통로 확보, 임시시설 원상복구, 미결함 기록",공사/안전,"정리정돈 체크, 미결사항 조치기록",https://www.kosha.or.kr/
S-INSUL-XPS-001-01,INSUL-XPS-001,작업전,"TBM 실시, 작업허가·위험성평가 확인, 작업구역 통제, PPE 착용상태 확인",공사/안전,"TBM일지, 위험성평가표, 작업허가서",https://www.seosan.go.kr/DATA/bbs/127/202306081003043690zfz1A.pdf
S-INSUL-XPS-001-02,INSUL-XPS-001,작업중,"작업반경 출입통제, 신호수 배치, 추락·낙하방지 조치 유지, 이상 징후 즉시 중지",공사/안전,"순회점검일지, 사진대지",https://www.law.go.kr/LSW//lsInfoP.do?ancYnChk=0&lsId=007363
S-INSUL-XPS-001-03,INSUL-XPS-001,작업후,"잔재 정리, 통로 확보, 임시시설 원상복구, 미결함 기록",공사/안전,"정리정돈 체크, 미결사항 조치기록",https://www.kosha.or.kr/
S-INSUL-WOOL-001-01,INSUL-WOOL-001,작업전,"TBM 실시, 작업허가·위험성평가 확인, 작업구역 통제, PPE 착용상태 확인",공사/안전,"TBM일지, 위험성평가표, 작업허가서",https://www.seosan.go.kr/DATA/bbs/127/202306081003043690zfz1A.pdf
S-INSUL-WOOL-001-02,INSUL-WOOL-001,작업중,"작업반경 출입통제, 신호수 배치, 추락·낙하방지 조치 유지, 이상 징후 즉시 중지",공사/안전,"순회점검일지, 사진대지",https://www.law.go.kr/LSW//lsInfoP.do?ancYnChk=0&lsId=007363
S-INSUL-WOOL-001-03,INSUL-WOOL-001,작업후,"잔재 정리, 통로 확보, 임시시설 원상복구, 미결함 기록",공사/안전,"정리정돈 체크, 미결사항 조치기록",https://www.kosha.or.kr/
S-WINDOW-AL-001-01,WINDOW-AL-001,작업전,"TBM 실시, 작업허가·위험성평가 확인, 작업구역 통제, PPE 착용상태 확인",공사/안전,"TBM일지, 위험성평가표, 작업허가서",https://www.seosan.go.kr/DATA/bbs/127/202306081003043690zfz1A.pdf
S-WINDOW-AL-001-02,WINDOW-AL-001,작업중,"작업반경 출입통제, 신호수 배치, 추락·낙하방지 조치 유지, 이상 징후 즉시 중지",공사/안전,"순회점검일지, 사진대지",https://www.law.go.kr/LSW//lsInfoP.do?ancYnChk=0&lsId=007363
S-WINDOW-AL-001-03,WINDOW-AL-001,작업후,"잔재 정리, 통로 확보, 임시시설 원상복구, 미결함 기록",공사/안전,"정리정돈 체크, 미결사항 조치기록",https://www.kosha.or.kr/
S-WINDOW-GLASS-001-01,WINDOW-GLASS-001,작업전,"TBM 실시, 작업허가·위험성평가 확인, 작업구역 통제, PPE 착용상태 확인",공사/안전,"TBM일지, 위험성평가표, 작업허가서",https://www.seosan.go.kr/DATA/bbs/127/202306081003043690zfz1A.pdf
S-WINDOW-GLASS-001-02,WINDOW-GLASS-001,작업중,"작업반경 출입통제, 신호수 배치, 추락·낙하방지 조치 유지, 이상 징후 즉시 중지",공사/안전,"순회점검일지, 사진대지",https://www.law.go.kr/LSW//lsInfoP.do?ancYnChk=0&lsId=007363
S-WINDOW-GLASS-001-03,WINDOW-GLASS-001,작업후,"잔재 정리, 통로 확보, 임시시설 원상복구, 미결함 기록",공사/안전,"정리정돈 체크, 미결사항 조치기록",https://www.kosha.or.kr/
S-WINDOW-DOOR-001-01,WINDOW-DOOR-001,작업전,"TBM 실시, 작업허가·위험성평가 확인, 작업구역 통제, PPE 착용상태 확인",공사/안전,"TBM일지, 위험성평가표, 작업허가서",https://www.seosan.go.kr/DATA/bbs/127/202306081003043690zfz1A.pdf
S-WINDOW-DOOR-001-02,WINDOW-DOOR-001,작업중,"작업반경 출입통제, 신호수 배치, 추락·낙하방지 조치 유지, 이상 징후 즉시 중지",공사/안전,"순회점검일지, 사진대지",https://www.law.go.kr/LSW//lsInfoP.do?ancYnChk=0&lsId=007363
S-WINDOW-DOOR-001-03,WINDOW-DOOR-001,작업후,"잔재 정리, 통로 확보, 임시시설 원상복구, 미결함 기록",공사/안전,"정리정돈 체크, 미결사항 조치기록",https://www.kosha.or.kr/
S-METAL-RAIL-001-01,METAL-RAIL-001,작업전,"TBM 실시, 작업허가·위험성평가 확인, 작업구역 통제, PPE 착용상태 확인",공사/안전,"TBM일지, 위험성평가표, 작업허가서",https://www.seosan.go.kr/DATA/bbs/127/202306081003043690zfz1A.pdf
S-METAL-RAIL-001-02,METAL-RAIL-001,작업중,"작업반경 출입통제, 신호수 배치, 추락·낙하방지 조치 유지, 이상 징후 즉시 중지",공사/안전,"순회점검일지, 사진대지",https://www.law.go.kr/LSW//lsInfoP.do?ancYnChk=0&lsId=007363
S-METAL-RAIL-001-03,METAL-RAIL-001,작업후,"잔재 정리, 통로 확보, 임시시설 원상복구, 미결함 기록",공사/안전,"정리정돈 체크, 미결사항 조치기록",https://www.kosha.or.kr/
S-METAL-CEIL-001-01,METAL-CEIL-001,작업전,"TBM 실시, 작업허가·위험성평가 확인, 작업구역 통제, PPE 착용상태 확인",공사/안전,"TBM일지, 위험성평가표, 작업허가서",https://www.seosan.go.kr/DATA/bbs/127/202306081003043690zfz1A.pdf
S-METAL-CEIL-001-02,METAL-CEIL-001,작업중,"작업반경 출입통제, 신호수 배치, 추락·낙하방지 조치 유지, 이상 징후 즉시 중지",공사/안전,"순회점검일지, 사진대지",https://www.law.go.kr/LSW//lsInfoP.do?ancYnChk=0&lsId=007363
S-METAL-CEIL-001-03,METAL-CEIL-001,작업후,"잔재 정리, 통로 확보, 임시시설 원상복구, 미결함 기록",공사/안전,"정리정돈 체크, 미결사항 조치기록",https://www.kosha.or.kr/
S-METAL-LOUVER-001-01,METAL-LOUVER-001,작업전,"TBM 실시, 작업허가·위험성평가 확인, 작업구역 통제, PPE 착용상태 확인",공사/안전,"TBM일지, 위험성평가표, 작업허가서",https://www.seosan.go.kr/DATA/bbs/127/202306081003043690zfz1A.pdf
S-METAL-LOUVER-001-02,METAL-LOUVER-001,작업중,"작업반경 출입통제, 신호수 배치, 추락·낙하방지 조치 유지, 이상 징후 즉시 중지",공사/안전,"순회점검일지, 사진대지",https://www.law.go.kr/LSW//lsInfoP.do?ancYnChk=0&lsId=007363
S-METAL-LOUVER-001-03,METAL-LOUVER-001,작업후,"잔재 정리, 통로 확보, 임시시설 원상복구, 미결함 기록",공사/안전,"정리정돈 체크, 미결사항 조치기록",https://www.kosha.or.kr/
S-ROOF-SHEET-001-01,ROOF-SHEET-001,작업전,"TBM 실시, 작업허가·위험성평가 확인, 작업구역 통제, PPE 착용상태 확인",공사/안전,"TBM일지, 위험성평가표, 작업허가서",https://www.seosan.go.kr/DATA/bbs/127/202306081003043690zfz1A.pdf
S-ROOF-SHEET-001-02,ROOF-SHEET-001,작업중,"작업반경 출입통제, 신호수 배치, 추락·낙하방지 조치 유지, 이상 징후 즉시 중지",공사/안전,"순회점검일지, 사진대지",https://www.law.go.kr/LSW//lsInfoP.do?ancYnChk=0&lsId=007363
S-ROOF-SHEET-001-03,ROOF-SHEET-001,작업후,"잔재 정리, 통로 확보, 임시시설 원상복구, 미결함 기록",공사/안전,"정리정돈 체크, 미결사항 조치기록",https://www.kosha.or.kr/
S-ROOF-DRAIN-001-01,ROOF-DRAIN-001,작업전,"TBM 실시, 작업허가·위험성평가 확인, 작업구역 통제, PPE 착용상태 확인",공사/안전,"TBM일지, 위험성평가표, 작업허가서",https://www.seosan.go.kr/DATA/bbs/127/202306081003043690zfz1A.pdf
S-ROOF-DRAIN-001-02,ROOF-DRAIN-001,작업중,"작업반경 출입통제, 신호수 배치, 추락·낙하방지 조치 유지, 이상 징후 즉시 중지",공사/안전,"순회점검일지, 사진대지",https://www.law.go.kr/LSW//lsInfoP.do?ancYnChk=0&lsId=007363
S-ROOF-DRAIN-001-03,ROOF-DRAIN-001,작업후,"잔재 정리, 통로 확보, 임시시설 원상복구, 미결함 기록",공사/안전,"정리정돈 체크, 미결사항 조치기록",https://www.kosha.or.kr/
S-STONE-EXT-001-01,STONE-EXT-001,작업전,"TBM 실시, 작업허가·위험성평가 확인, 작업구역 통제, PPE 착용상태 확인",공사/안전,"TBM일지, 위험성평가표, 작업허가서",https://www.seosan.go.kr/DATA/bbs/127/202306081003043690zfz1A.pdf
S-STONE-EXT-001-02,STONE-EXT-001,작업중,"작업반경 출입통제, 신호수 배치, 추락·낙하방지 조치 유지, 이상 징후 즉시 중지",공사/안전,"순회점검일지, 사진대지",https://www.law.go.kr/LSW//lsInfoP.do?ancYnChk=0&lsId=007363
S-STONE-EXT-001-03,STONE-EXT-001,작업후,"잔재 정리, 통로 확보, 임시시설 원상복구, 미결함 기록",공사/안전,"정리정돈 체크, 미결사항 조치기록",https://www.kosha.or.kr/
S-STONE-FLOOR-001-01,STONE-FLOOR-001,작업전,"TBM 실시, 작업허가·위험성평가 확인, 작업구역 통제, PPE 착용상태 확인",공사/안전,"TBM일지, 위험성평가표, 작업허가서",https://www.seosan.go.kr/DATA/bbs/127/202306081003043690zfz1A.pdf
S-STONE-FLOOR-001-02,STONE-FLOOR-001,작업중,"작업반경 출입통제, 신호수 배치, 추락·낙하방지 조치 유지, 이상 징후 즉시 중지",공사/안전,"순회점검일지, 사진대지",https://www.law.go.kr/LSW//lsInfoP.do?ancYnChk=0&lsId=007363
S-STONE-FLOOR-001-03,STONE-FLOOR-001,작업후,"잔재 정리, 통로 확보, 임시시설 원상복구, 미결함 기록",공사/안전,"정리정돈 체크, 미결사항 조치기록",https://www.kosha.or.kr/
S-TILE-WALL-001-01,TILE-WALL-001,작업전,"TBM 실시, 작업허가·위험성평가 확인, 작업구역 통제, PPE 착용상태 확인",공사/안전,"TBM일지, 위험성평가표, 작업허가서",https://www.seosan.go.kr/DATA/bbs/127/202306081003043690zfz1A.pdf
S-TILE-WALL-001-02,TILE-WALL-001,작업중,"작업반경 출입통제, 신호수 배치, 추락·낙하방지 조치 유지, 이상 징후 즉시 중지",공사/안전,"순회점검일지, 사진대지",https://www.law.go.kr/LSW//lsInfoP.do?ancYnChk=0&lsId=007363
S-TILE-WALL-001-03,TILE-WALL-001,작업후,"잔재 정리, 통로 확보, 임시시설 원상복구, 미결함 기록",공사/안전,"정리정돈 체크, 미결사항 조치기록",https://www.kosha.or.kr/
S-TILE-FLOOR-001-01,TILE-FLOOR-001,작업전,"TBM 실시, 작업허가·위험성평가 확인, 작업구역 통제, PPE 착용상태 확인",공사/안전,"TBM일지, 위험성평가표, 작업허가서",https://www.seosan.go.kr/DATA/bbs/127/202306081003043690zfz1A.pdf
S-TILE-FLOOR-001-02,TILE-FLOOR-001,작업중,"작업반경 출입통제, 신호수 배치, 추락·낙하방지 조치 유지, 이상 징후 즉시 중지",공사/안전,"순회점검일지, 사진대지",https://www.law.go.kr/LSW//lsInfoP.do?ancYnChk=0&lsId=007363
S-TILE-FLOOR-001-03,TILE-FLOOR-001,작업후,"잔재 정리, 통로 확보, 임시시설 원상복구, 미결함 기록",공사/안전,"정리정돈 체크, 미결사항 조치기록",https://www.kosha.or.kr/
S-TILE-GROUT-001-01,TILE-GROUT-001,작업전,"TBM 실시, 작업허가·위험성평가 확인, 작업구역 통제, PPE 착용상태 확인",공사/안전,"TBM일지, 위험성평가표, 작업허가서",https://www.seosan.go.kr/DATA/bbs/127/202306081003043690zfz1A.pdf
S-TILE-GROUT-001-02,TILE-GROUT-001,작업중,"작업반경 출입통제, 신호수 배치, 추락·낙하방지 조치 유지, 이상 징후 즉시 중지",공사/안전,"순회점검일지, 사진대지",https://www.law.go.kr/LSW//lsInfoP.do?ancYnChk=0&lsId=007363
S-TILE-GROUT-001-03,TILE-GROUT-001,작업후,"잔재 정리, 통로 확보, 임시시설 원상복구, 미결함 기록",공사/안전,"정리정돈 체크, 미결사항 조치기록",https://www.kosha.or.kr/
S-PAINT-WATER-001-01,PAINT-WATER-001,작업전,"TBM 실시, 작업허가·위험성평가 확인, 작업구역 통제, PPE 착용상태 확인",공사/안전,"TBM일지, 위험성평가표, 작업허가서",https://www.seosan.go.kr/DATA/bbs/127/202306081003043690zfz1A.pdf
S-PAINT-WATER-001-02,PAINT-WATER-001,작업중,"작업반경 출입통제, 신호수 배치, 추락·낙하방지 조치 유지, 이상 징후 즉시 중지",공사/안전,"순회점검일지, 사진대지",https://www.law.go.kr/LSW//lsInfoP.do?ancYnChk=0&lsId=007363
S-PAINT-WATER-001-03,PAINT-WATER-001,작업후,"잔재 정리, 통로 확보, 임시시설 원상복구, 미결함 기록",공사/안전,"정리정돈 체크, 미결사항 조치기록",https://www.kosha.or.kr/
S-PAINT-EPOXY-001-01,PAINT-EPOXY-001,작업전,"TBM 실시, 작업허가·위험성평가 확인, 작업구역 통제, PPE 착용상태 확인",공사/안전,"TBM일지, 위험성평가표, 작업허가서",https://www.seosan.go.kr/DATA/bbs/127/202306081003043690zfz1A.pdf
S-PAINT-EPOXY-001-02,PAINT-EPOXY-001,작업중,"작업반경 출입통제, 신호수 배치, 추락·낙하방지 조치 유지, 이상 징후 즉시 중지",공사/안전,"순회점검일지, 사진대지",https://www.law.go.kr/LSW//lsInfoP.do?ancYnChk=0&lsId=007363
S-PAINT-EPOXY-001-03,PAINT-EPOXY-001,작업후,"잔재 정리, 통로 확보, 임시시설 원상복구, 미결함 기록",공사/안전,"정리정돈 체크, 미결사항 조치기록",https://www.kosha.or.kr/
S-PAINT-ANTIRUST-001-01,PAINT-ANTIRUST-001,작업전,"TBM 실시, 작업허가·위험성평가 확인, 작업구역 통제, PPE 착용상태 확인",공사/안전,"TBM일지, 위험성평가표, 작업허가서",https://www.seosan.go.kr/DATA/bbs/127/202306081003043690zfz1A.pdf
S-PAINT-ANTIRUST-001-02,PAINT-ANTIRUST-001,작업중,"작업반경 출입통제, 신호수 배치, 추락·낙하방지 조치 유지, 이상 징후 즉시 중지",공사/안전,"순회점검일지, 사진대지",https://www.law.go.kr/LSW//lsInfoP.do?ancYnChk=0&lsId=007363
S-PAINT-ANTIRUST-001-03,PAINT-ANTIRUST-001,작업후,"잔재 정리, 통로 확보, 임시시설 원상복구, 미결함 기록",공사/안전,"정리정돈 체크, 미결사항 조치기록",https://www.kosha.or.kr/
S-INTERIOR-BOARD-001-01,INTERIOR-BOARD-001,작업전,"TBM 실시, 작업허가·위험성평가 확인, 작업구역 통제, PPE 착용상태 확인",공사/안전,"TBM일지, 위험성평가표, 작업허가서",https://www.seosan.go.kr/DATA/bbs/127/202306081003043690zfz1A.pdf
S-INTERIOR-BOARD-001-02,INTERIOR-BOARD-001,작업중,"작업반경 출입통제, 신호수 배치, 추락·낙하방지 조치 유지, 이상 징후 즉시 중지",공사/안전,"순회점검일지, 사진대지",https://www.law.go.kr/LSW//lsInfoP.do?ancYnChk=0&lsId=007363
S-INTERIOR-BOARD-001-03,INTERIOR-BOARD-001,작업후,"잔재 정리, 통로 확보, 임시시설 원상복구, 미결함 기록",공사/안전,"정리정돈 체크, 미결사항 조치기록",https://www.kosha.or.kr/
S-INTERIOR-CEIL-001-01,INTERIOR-CEIL-001,작업전,"TBM 실시, 작업허가·위험성평가 확인, 작업구역 통제, PPE 착용상태 확인",공사/안전,"TBM일지, 위험성평가표, 작업허가서",https://www.seosan.go.kr/DATA/bbs/127/202306081003043690zfz1A.pdf
S-INTERIOR-CEIL-001-02,INTERIOR-CEIL-001,작업중,"작업반경 출입통제, 신호수 배치, 추락·낙하방지 조치 유지, 이상 징후 즉시 중지",공사/안전,"순회점검일지, 사진대지",https://www.law.go.kr/LSW//lsInfoP.do?ancYnChk=0&lsId=007363
S-INTERIOR-CEIL-001-03,INTERIOR-CEIL-001,작업후,"잔재 정리, 통로 확보, 임시시설 원상복구, 미결함 기록",공사/안전,"정리정돈 체크, 미결사항 조치기록",https://www.kosha.or.kr/
S-INTERIOR-FIN-001-01,INTERIOR-FIN-001,작업전,"TBM 실시, 작업허가·위험성평가 확인, 작업구역 통제, PPE 착용상태 확인",공사/안전,"TBM일지, 위험성평가표, 작업허가서",https://www.seosan.go.kr/DATA/bbs/127/202306081003043690zfz1A.pdf
S-INTERIOR-FIN-001-02,INTERIOR-FIN-001,작업중,"작업반경 출입통제, 신호수 배치, 추락·낙하방지 조치 유지, 이상 징후 즉시 중지",공사/안전,"순회점검일지, 사진대지",https://www.law.go.kr/LSW//lsInfoP.do?ancYnChk=0&lsId=007363
S-INTERIOR-FIN-001-03,INTERIOR-FIN-001,작업후,"잔재 정리, 통로 확보, 임시시설 원상복구, 미결함 기록",공사/안전,"정리정돈 체크, 미결사항 조치기록",https://www.kosha.or.kr/
S-MECH-PIPE-001-01,MECH-PIPE-001,작업전,"TBM 실시, 작업허가·위험성평가 확인, 작업구역 통제, PPE 착용상태 확인",공사/안전,"TBM일지, 위험성평가표, 작업허가서",https://www.seosan.go.kr/DATA/bbs/127/202306081003043690zfz1A.pdf
S-MECH-PIPE-001-02,MECH-PIPE-001,작업중,"작업반경 출입통제, 신호수 배치, 추락·낙하방지 조치 유지, 이상 징후 즉시 중지",공사/안전,"순회점검일지, 사진대지",https://www.law.go.kr/LSW//lsInfoP.do?ancYnChk=0&lsId=007363
S-MECH-PIPE-001-03,MECH-PIPE-001,작업후,"잔재 정리, 통로 확보, 임시시설 원상복구, 미결함 기록",공사/안전,"정리정돈 체크, 미결사항 조치기록",https://www.kosha.or.kr/
S-MECH-DRAIN-001-01,MECH-DRAIN-001,작업전,"TBM 실시, 작업허가·위험성평가 확인, 작업구역 통제, PPE 착용상태 확인",공사/안전,"TBM일지, 위험성평가표, 작업허가서",https://www.seosan.go.kr/DATA/bbs/127/202306081003043690zfz1A.pdf
S-MECH-DRAIN-001-02,MECH-DRAIN-001,작업중,"작업반경 출입통제, 신호수 배치, 추락·낙하방지 조치 유지, 이상 징후 즉시 중지",공사/안전,"순회점검일지, 사진대지",https://www.law.go.kr/LSW//lsInfoP.do?ancYnChk=0&lsId=007363
S-MECH-DRAIN-001-03,MECH-DRAIN-001,작업후,"잔재 정리, 통로 확보, 임시시설 원상복구, 미결함 기록",공사/안전,"정리정돈 체크, 미결사항 조치기록",https://www.kosha.or.kr/
S-MECH-DUCT-001-01,MECH-DUCT-001,작업전,"TBM 실시, 작업허가·위험성평가 확인, 작업구역 통제, PPE 착용상태 확인",공사/안전,"TBM일지, 위험성평가표, 작업허가서",https://www.seosan.go.kr/DATA/bbs/127/202306081003043690zfz1A.pdf
S-MECH-DUCT-001-02,MECH-DUCT-001,작업중,"작업반경 출입통제, 신호수 배치, 추락·낙하방지 조치 유지, 이상 징후 즉시 중지",공사/안전,"순회점검일지, 사진대지",https://www.law.go.kr/LSW//lsInfoP.do?ancYnChk=0&lsId=007363
S-MECH-DUCT-001-03,MECH-DUCT-001,작업후,"잔재 정리, 통로 확보, 임시시설 원상복구, 미결함 기록",공사/안전,"정리정돈 체크, 미결사항 조치기록",https://www.kosha.or.kr/
S-MECH-EQUIP-001-01,MECH-EQUIP-001,작업전,"TBM 실시, 작업허가·위험성평가 확인, 작업구역 통제, PPE 착용상태 확인",공사/안전,"TBM일지, 위험성평가표, 작업허가서",https://www.seosan.go.kr/DATA/bbs/127/202306081003043690zfz1A.pdf
S-MECH-EQUIP-001-02,MECH-EQUIP-001,작업중,"작업반경 출입통제, 신호수 배치, 추락·낙하방지 조치 유지, 이상 징후 즉시 중지",공사/안전,"순회점검일지, 사진대지",https://www.law.go.kr/LSW//lsInfoP.do?ancYnChk=0&lsId=007363
S-MECH-EQUIP-001-03,MECH-EQUIP-001,작업후,"잔재 정리, 통로 확보, 임시시설 원상복구, 미결함 기록",공사/안전,"정리정돈 체크, 미결사항 조치기록",https://www.kosha.or.kr/
S-MECH-TEST-001-01,MECH-TEST-001,작업전,"TBM 실시, 작업허가·위험성평가 확인, 작업구역 통제, PPE 착용상태 확인",공사/안전,"TBM일지, 위험성평가표, 작업허가서",https://www.seosan.go.kr/DATA/bbs/127/202306081003043690zfz1A.pdf
S-MECH-TEST-001-02,MECH-TEST-001,작업중,"작업반경 출입통제, 신호수 배치, 추락·낙하방지 조치 유지, 이상 징후 즉시 중지",공사/안전,"순회점검일지, 사진대지",https://www.law.go.kr/LSW//lsInfoP.do?ancYnChk=0&lsId=007363
S-MECH-TEST-001-03,MECH-TEST-001,작업후,"잔재 정리, 통로 확보, 임시시설 원상복구, 미결함 기록",공사/안전,"정리정돈 체크, 미결사항 조치기록",https://www.kosha.or.kr/
S-ELEC-CONDUIT-001-01,ELEC-CONDUIT-001,작업전,"TBM 실시, 작업허가·위험성평가 확인, 작업구역 통제, PPE 착용상태 확인",공사/안전,"TBM일지, 위험성평가표, 작업허가서",https://www.seosan.go.kr/DATA/bbs/127/202306081003043690zfz1A.pdf
S-ELEC-CONDUIT-001-02,ELEC-CONDUIT-001,작업중,"작업반경 출입통제, 신호수 배치, 추락·낙하방지 조치 유지, 이상 징후 즉시 중지",공사/안전,"순회점검일지, 사진대지",https://www.law.go.kr/LSW//lsInfoP.do?ancYnChk=0&lsId=007363
S-ELEC-CONDUIT-001-03,ELEC-CONDUIT-001,작업후,"잔재 정리, 통로 확보, 임시시설 원상복구, 미결함 기록",공사/안전,"정리정돈 체크, 미결사항 조치기록",https://www.kosha.or.kr/
S-ELEC-WIRE-001-01,ELEC-WIRE-001,작업전,"TBM 실시, 작업허가·위험성평가 확인, 작업구역 통제, PPE 착용상태 확인",공사/안전,"TBM일지, 위험성평가표, 작업허가서",https://www.seosan.go.kr/DATA/bbs/127/202306081003043690zfz1A.pdf
S-ELEC-WIRE-001-02,ELEC-WIRE-001,작업중,"작업반경 출입통제, 신호수 배치, 추락·낙하방지 조치 유지, 이상 징후 즉시 중지",공사/안전,"순회점검일지, 사진대지",https://www.law.go.kr/LSW//lsInfoP.do?ancYnChk=0&lsId=007363
S-ELEC-WIRE-001-03,ELEC-WIRE-001,작업후,"잔재 정리, 통로 확보, 임시시설 원상복구, 미결함 기록",공사/안전,"정리정돈 체크, 미결사항 조치기록",https://www.kosha.or.kr/
S-ELEC-PANEL-001-01,ELEC-PANEL-001,작업전,"TBM 실시, 작업허가·위험성평가 확인, 작업구역 통제, PPE 착용상태 확인",공사/안전,"TBM일지, 위험성평가표, 작업허가서",https://www.seosan.go.kr/DATA/bbs/127/202306081003043690zfz1A.pdf
S-ELEC-PANEL-001-02,ELEC-PANEL-001,작업중,"작업반경 출입통제, 신호수 배치, 추락·낙하방지 조치 유지, 이상 징후 즉시 중지",공사/안전,"순회점검일지, 사진대지",https://www.law.go.kr/LSW//lsInfoP.do?ancYnChk=0&lsId=007363
S-ELEC-PANEL-001-03,ELEC-PANEL-001,작업후,"잔재 정리, 통로 확보, 임시시설 원상복구, 미결함 기록",공사/안전,"정리정돈 체크, 미결사항 조치기록",https://www.kosha.or.kr/
S-ELEC-LIGHT-001-01,ELEC-LIGHT-001,작업전,"TBM 실시, 작업허가·위험성평가 확인, 작업구역 통제, PPE 착용상태 확인",공사/안전,"TBM일지, 위험성평가표, 작업허가서",https://www.seosan.go.kr/DATA/bbs/127/202306081003043690zfz1A.pdf
S-ELEC-LIGHT-001-02,ELEC-LIGHT-001,작업중,"작업반경 출입통제, 신호수 배치, 추락·낙하방지 조치 유지, 이상 징후 즉시 중지",공사/안전,"순회점검일지, 사진대지",https://www.law.go.kr/LSW//lsInfoP.do?ancYnChk=0&lsId=007363
S-ELEC-LIGHT-001-03,ELEC-LIGHT-001,작업후,"잔재 정리, 통로 확보, 임시시설 원상복구, 미결함 기록",공사/안전,"정리정돈 체크, 미결사항 조치기록",https://www.kosha.or.kr/
S-ELEC-GROUND-001-01,ELEC-GROUND-001,작업전,"TBM 실시, 작업허가·위험성평가 확인, 작업구역 통제, PPE 착용상태 확인",공사/안전,"TBM일지, 위험성평가표, 작업허가서",https://www.seosan.go.kr/DATA/bbs/127/202306081003043690zfz1A.pdf
S-ELEC-GROUND-001-02,ELEC-GROUND-001,작업중,"작업반경 출입통제, 신호수 배치, 추락·낙하방지 조치 유지, 이상 징후 즉시 중지",공사/안전,"순회점검일지, 사진대지",https://www.law.go.kr/LSW//lsInfoP.do?ancYnChk=0&lsId=007363
S-ELEC-GROUND-001-03,ELEC-GROUND-001,작업후,"잔재 정리, 통로 확보, 임시시설 원상복구, 미결함 기록",공사/안전,"정리정돈 체크, 미결사항 조치기록",https://www.kosha.or.kr/
S-FIRE-SPR-001-01,FIRE-SPR-001,작업전,"TBM 실시, 작업허가·위험성평가 확인, 작업구역 통제, PPE 착용상태 확인",공사/안전,"TBM일지, 위험성평가표, 작업허가서",https://www.seosan.go.kr/DATA/bbs/127/202306081003043690zfz1A.pdf
S-FIRE-SPR-001-02,FIRE-SPR-001,작업중,"작업반경 출입통제, 신호수 배치, 추락·낙하방지 조치 유지, 이상 징후 즉시 중지",공사/안전,"순회점검일지, 사진대지",https://www.law.go.kr/LSW//lsInfoP.do?ancYnChk=0&lsId=007363
S-FIRE-SPR-001-03,FIRE-SPR-001,작업후,"잔재 정리, 통로 확보, 임시시설 원상복구, 미결함 기록",공사/안전,"정리정돈 체크, 미결사항 조치기록",https://www.kosha.or.kr/
S-FIRE-HYDRANT-001-01,FIRE-HYDRANT-001,작업전,"TBM 실시, 작업허가·위험성평가 확인, 작업구역 통제, PPE 착용상태 확인",공사/안전,"TBM일지, 위험성평가표, 작업허가서",https://www.seosan.go.kr/DATA/bbs/127/202306081003043690zfz1A.pdf
S-FIRE-HYDRANT-001-02,FIRE-HYDRANT-001,작업중,"작업반경 출입통제, 신호수 배치, 추락·낙하방지 조치 유지, 이상 징후 즉시 중지",공사/안전,"순회점검일지, 사진대지",https://www.law.go.kr/LSW//lsInfoP.do?ancYnChk=0&lsId=007363
S-FIRE-HYDRANT-001-03,FIRE-HYDRANT-001,작업후,"잔재 정리, 통로 확보, 임시시설 원상복구, 미결함 기록",공사/안전,"정리정돈 체크, 미결사항 조치기록",https://www.kosha.or.kr/
S-FIRE-ALARM-001-01,FIRE-ALARM-001,작업전,"TBM 실시, 작업허가·위험성평가 확인, 작업구역 통제, PPE 착용상태 확인",공사/안전,"TBM일지, 위험성평가표, 작업허가서",https://www.seosan.go.kr/DATA/bbs/127/202306081003043690zfz1A.pdf
S-FIRE-ALARM-001-02,FIRE-ALARM-001,작업중,"작업반경 출입통제, 신호수 배치, 추락·낙하방지 조치 유지, 이상 징후 즉시 중지",공사/안전,"순회점검일지, 사진대지",https://www.law.go.kr/LSW//lsInfoP.do?ancYnChk=0&lsId=007363
S-FIRE-ALARM-001-03,FIRE-ALARM-001,작업후,"잔재 정리, 통로 확보, 임시시설 원상복구, 미결함 기록",공사/안전,"정리정돈 체크, 미결사항 조치기록",https://www.kosha.or.kr/
S-FIRE-SMOKE-001-01,FIRE-SMOKE-001,작업전,"TBM 실시, 작업허가·위험성평가 확인, 작업구역 통제, PPE 착용상태 확인",공사/안전,"TBM일지, 위험성평가표, 작업허가서",https://www.seosan.go.kr/DATA/bbs/127/202306081003043690zfz1A.pdf
S-FIRE-SMOKE-001-02,FIRE-SMOKE-001,작업중,"작업반경 출입통제, 신호수 배치, 추락·낙하방지 조치 유지, 이상 징후 즉시 중지",공사/안전,"순회점검일지, 사진대지",https://www.law.go.kr/LSW//lsInfoP.do?ancYnChk=0&lsId=007363
S-FIRE-SMOKE-001-03,FIRE-SMOKE-001,작업후,"잔재 정리, 통로 확보, 임시시설 원상복구, 미결함 기록",공사/안전,"정리정돈 체크, 미결사항 조치기록",https://www.kosha.or.kr/
S-EXT-PAVE-001-01,EXT-PAVE-001,작업전,"TBM 실시, 작업허가·위험성평가 확인, 작업구역 통제, PPE 착용상태 확인",공사/안전,"TBM일지, 위험성평가표, 작업허가서",https://www.seosan.go.kr/DATA/bbs/127/202306081003043690zfz1A.pdf
S-EXT-PAVE-001-02,EXT-PAVE-001,작업중,"작업반경 출입통제, 신호수 배치, 추락·낙하방지 조치 유지, 이상 징후 즉시 중지",공사/안전,"순회점검일지, 사진대지",https://www.law.go.kr/LSW//lsInfoP.do?ancYnChk=0&lsId=007363
S-EXT-PAVE-001-03,EXT-PAVE-001,작업후,"잔재 정리, 통로 확보, 임시시설 원상복구, 미결함 기록",공사/안전,"정리정돈 체크, 미결사항 조치기록",https://www.kosha.or.kr/
S-EXT-BLOCK-001-01,EXT-BLOCK-001,작업전,"TBM 실시, 작업허가·위험성평가 확인, 작업구역 통제, PPE 착용상태 확인",공사/안전,"TBM일지, 위험성평가표, 작업허가서",https://www.seosan.go.kr/DATA/bbs/127/202306081003043690zfz1A.pdf
S-EXT-BLOCK-001-02,EXT-BLOCK-001,작업중,"작업반경 출입통제, 신호수 배치, 추락·낙하방지 조치 유지, 이상 징후 즉시 중지",공사/안전,"순회점검일지, 사진대지",https://www.law.go.kr/LSW//lsInfoP.do?ancYnChk=0&lsId=007363
S-EXT-BLOCK-001-03,EXT-BLOCK-001,작업후,"잔재 정리, 통로 확보, 임시시설 원상복구, 미결함 기록",공사/안전,"정리정돈 체크, 미결사항 조치기록",https://www.kosha.or.kr/
S-EXT-MANHOLE-001-01,EXT-MANHOLE-001,작업전,"TBM 실시, 작업허가·위험성평가 확인, 작업구역 통제, PPE 착용상태 확인",공사/안전,"TBM일지, 위험성평가표, 작업허가서",https://www.seosan.go.kr/DATA/bbs/127/202306081003043690zfz1A.pdf
S-EXT-MANHOLE-001-02,EXT-MANHOLE-001,작업중,"작업반경 출입통제, 신호수 배치, 추락·낙하방지 조치 유지, 이상 징후 즉시 중지",공사/안전,"순회점검일지, 사진대지",https://www.law.go.kr/LSW//lsInfoP.do?ancYnChk=0&lsId=007363
S-EXT-MANHOLE-001-03,EXT-MANHOLE-001,작업후,"잔재 정리, 통로 확보, 임시시설 원상복구, 미결함 기록",공사/안전,"정리정돈 체크, 미결사항 조치기록",https://www.kosha.or.kr/
S-LAND-PLANT-001-01,LAND-PLANT-001,작업전,"TBM 실시, 작업허가·위험성평가 확인, 작업구역 통제, PPE 착용상태 확인",공사/안전,"TBM일지, 위험성평가표, 작업허가서",https://www.seosan.go.kr/DATA/bbs/127/202306081003043690zfz1A.pdf
S-LAND-PLANT-001-02,LAND-PLANT-001,작업중,"작업반경 출입통제, 신호수 배치, 추락·낙하방지 조치 유지, 이상 징후 즉시 중지",공사/안전,"순회점검일지, 사진대지",https://www.law.go.kr/LSW//lsInfoP.do?ancYnChk=0&lsId=007363
S-LAND-PLANT-001-03,LAND-PLANT-001,작업후,"잔재 정리, 통로 확보, 임시시설 원상복구, 미결함 기록",공사/안전,"정리정돈 체크, 미결사항 조치기록",https://www.kosha.or.kr/
S-LAND-FAC-001-01,LAND-FAC-001,작업전,"TBM 실시, 작업허가·위험성평가 확인, 작업구역 통제, PPE 착용상태 확인",공사/안전,"TBM일지, 위험성평가표, 작업허가서",https://www.seosan.go.kr/DATA/bbs/127/202306081003043690zfz1A.pdf
S-LAND-FAC-001-02,LAND-FAC-001,작업중,"작업반경 출입통제, 신호수 배치, 추락·낙하방지 조치 유지, 이상 징후 즉시 중지",공사/안전,"순회점검일지, 사진대지",https://www.law.go.kr/LSW//lsInfoP.do?ancYnChk=0&lsId=007363
S-LAND-FAC-001-03,LAND-FAC-001,작업후,"잔재 정리, 통로 확보, 임시시설 원상복구, 미결함 기록",공사/안전,"정리정돈 체크, 미결사항 조치기록",https://www.kosha.or.kr/
S-CLOSE-CLEAN-001-01,CLOSE-CLEAN-001,작업전,"TBM 실시, 작업허가·위험성평가 확인, 작업구역 통제, PPE 착용상태 확인",공사/안전,"TBM일지, 위험성평가표, 작업허가서",https://www.seosan.go.kr/DATA/bbs/127/202306081003043690zfz1A.pdf
S-CLOSE-CLEAN-001-02,CLOSE-CLEAN-001,작업중,"작업반경 출입통제, 신호수 배치, 추락·낙하방지 조치 유지, 이상 징후 즉시 중지",공사/안전,"순회점검일지, 사진대지",https://www.law.go.kr/LSW//lsInfoP.do?ancYnChk=0&lsId=007363
S-CLOSE-CLEAN-001-03,CLOSE-CLEAN-001,작업후,"잔재 정리, 통로 확보, 임시시설 원상복구, 미결함 기록",공사/안전,"정리정돈 체크, 미결사항 조치기록",https://www.kosha.or.kr/
S-CLOSE-TEST-001-01,CLOSE-TEST-001,작업전,"TBM 실시, 작업허가·위험성평가 확인, 작업구역 통제, PPE 착용상태 확인",공사/안전,"TBM일지, 위험성평가표, 작업허가서",https://www.seosan.go.kr/DATA/bbs/127/202306081003043690zfz1A.pdf
S-CLOSE-TEST-001-02,CLOSE-TEST-001,작업중,"작업반경 출입통제, 신호수 배치, 추락·낙하방지 조치 유지, 이상 징후 즉시 중지",공사/안전,"순회점검일지, 사진대지",https://www.law.go.kr/LSW//lsInfoP.do?ancYnChk=0&lsId=007363
S-CLOSE-TEST-001-03,CLOSE-TEST-001,작업후,"잔재 정리, 통로 확보, 임시시설 원상복구, 미결함 기록",공사/안전,"정리정돈 체크, 미결사항 조치기록",https://www.kosha.or.kr/
S-CLOSE-DOC-001-01,CLOSE-DOC-001,작업전,"TBM 실시, 작업허가·위험성평가 확인, 작업구역 통제, PPE 착용상태 확인",공사/안전,"TBM일지, 위험성평가표, 작업허가서",https://www.seosan.go.kr/DATA/bbs/127/202306081003043690zfz1A.pdf
S-CLOSE-DOC-001-02,CLOSE-DOC-001,작업중,"작업반경 출입통제, 신호수 배치, 추락·낙하방지 조치 유지, 이상 징후 즉시 중지",공사/안전,"순회점검일지, 사진대지",https://www.law.go.kr/LSW//lsInfoP.do?ancYnChk=0&lsId=007363
S-CLOSE-DOC-001-03,CLOSE-DOC-001,작업후,"잔재 정리, 통로 확보, 임시시설 원상복구, 미결함 기록",공사/안전,"정리정돈 체크, 미결사항 조치기록",https://www.kosha.or.kr/
