체크ID,작업ID,구분,체크문항,판정,증빙
CHK-TEMP-FENCE-001-01,TEMP-FENCE-001,공통,작업 전 TBM 및 위험성평가를 실시했는가?,예/아니오/해당없음,"사진, 일지, 검측서"
CHK-TEMP-FENCE-001-02,TEMP-FENCE-001,공통,작업구역 출입통제와 보행동선 분리가 되었는가?,예/아니오/해당없음,"사진, 일지, 검측서"
CHK-TEMP-FENCE-001-03,TEMP-FENCE-001,품질/시공,도면·시방서·자재승인 사항을 확인했는가?,예/아니오/해당없음,"사진, 일지, 검측서"
CHK-TEMP-FENCE-001-04,TEMP-FENCE-001,품질/시공,검측 전 자체 품질점검을 완료했는가?,예/아니오/해당없음,"사진, 일지, 검측서"
CHK-TEMP-FENCE-001-05,TEMP-FENCE-001,품질/시공,작업 후 정리정돈 및 후속공정 인계를 완료했는가?,예/아니오/해당없음,"사진, 일지, 검측서"
CHK-TEMP-OFFICE-001-01,TEMP-OFFICE-001,공통,작업 전 TBM 및 위험성평가를 실시했는가?,예/아니오/해당없음,"사진, 일지, 검측서"
CHK-TEMP-OFFICE-001-02,TEMP-OFFICE-001,공통,작업구역 출입통제와 보행동선 분리가 되었는가?,예/아니오/해당없음,"사진, 일지, 검측서"
CHK-TEMP-OFFICE-001-03,TEMP-OFFICE-001,품질/시공,도면·시방서·자재승인 사항을 확인했는가?,예/아니오/해당없음,"사진, 일지, 검측서"
CHK-TEMP-OFFICE-001-04,TEMP-OFFICE-001,품질/시공,검측 전 자체 품질점검을 완료했는가?,예/아니오/해당없음,"사진, 일지, 검측서"
CHK-TEMP-OFFICE-001-05,TEMP-OFFICE-001,품질/시공,작업 후 정리정돈 및 후속공정 인계를 완료했는가?,예/아니오/해당없음,"사진, 일지, 검측서"
CHK-TEMP-ELEC-001-01,TEMP-ELEC-001,공통,작업 전 TBM 및 위험성평가를 실시했는가?,예/아니오/해당없음,"사진, 일지, 검측서"
CHK-TEMP-ELEC-001-02,TEMP-ELEC-001,공통,작업구역 출입통제와 보행동선 분리가 되었는가?,예/아니오/해당없음,"사진, 일지, 검측서"
CHK-TEMP-ELEC-001-03,TEMP-ELEC-001,품질/시공,도면·시방서·자재승인 사항을 확인했는가?,예/아니오/해당없음,"사진, 일지, 검측서"
CHK-TEMP-ELEC-001-04,TEMP-ELEC-001,품질/시공,검측 전 자체 품질점검을 완료했는가?,예/아니오/해당없음,"사진, 일지, 검측서"
CHK-TEMP-ELEC-001-05,TEMP-ELEC-001,품질/시공,작업 후 정리정돈 및 후속공정 인계를 완료했는가?,예/아니오/해당없음,"사진, 일지, 검측서"
CHK-TEMP-WATER-001-01,TEMP-WATER-001,공통,작업 전 TBM 및 위험성평가를 실시했는가?,예/아니오/해당없음,"사진, 일지, 검측서"
CHK-TEMP-WATER-001-02,TEMP-WATER-001,공통,작업구역 출입통제와 보행동선 분리가 되었는가?,예/아니오/해당없음,"사진, 일지, 검측서"
CHK-TEMP-WATER-001-03,TEMP-WATER-001,품질/시공,도면·시방서·자재승인 사항을 확인했는가?,예/아니오/해당없음,"사진, 일지, 검측서"
CHK-TEMP-WATER-001-04,TEMP-WATER-001,품질/시공,검측 전 자체 품질점검을 완료했는가?,예/아니오/해당없음,"사진, 일지, 검측서"
CHK-TEMP-WATER-001-05,TEMP-WATER-001,품질/시공,작업 후 정리정돈 및 후속공정 인계를 완료했는가?,예/아니오/해당없음,"사진, 일지, 검측서"
CHK-TEMP-SCAFF-001-01,TEMP-SCAFF-001,공통,작업 전 TBM 및 위험성평가를 실시했는가?,예/아니오/해당없음,"사진, 일지, 검측서"
CHK-TEMP-SCAFF-001-02,TEMP-SCAFF-001,공통,작업구역 출입통제와 보행동선 분리가 되었는가?,예/아니오/해당없음,"사진, 일지, 검측서"
CHK-TEMP-SCAFF-001-03,TEMP-SCAFF-001,품질/시공,도면·시방서·자재승인 사항을 확인했는가?,예/아니오/해당없음,"사진, 일지, 검측서"
CHK-TEMP-SCAFF-001-04,TEMP-SCAFF-001,품질/시공,검측 전 자체 품질점검을 완료했는가?,예/아니오/해당없음,"사진, 일지, 검측서"
CHK-TEMP-SCAFF-001-05,TEMP-SCAFF-001,품질/시공,작업 후 정리정돈 및 후속공정 인계를 완료했는가?,예/아니오/해당없음,"사진, 일지, 검측서"
CHK-TEMP-SCAFF-002-01,TEMP-SCAFF-002,공통,작업 전 TBM 및 위험성평가를 실시했는가?,예/아니오/해당없음,"사진, 일지, 검측서"
CHK-TEMP-SCAFF-002-02,TEMP-SCAFF-002,공통,작업구역 출입통제와 보행동선 분리가 되었는가?,예/아니오/해당없음,"사진, 일지, 검측서"
CHK-TEMP-SCAFF-002-03,TEMP-SCAFF-002,품질/시공,도면·시방서·자재승인 사항을 확인했는가?,예/아니오/해당없음,"사진, 일지, 검측서"
CHK-TEMP-SCAFF-002-04,TEMP-SCAFF-002,품질/시공,검측 전 자체 품질점검을 완료했는가?,예/아니오/해당없음,"사진, 일지, 검측서"
CHK-TEMP-SCAFF-002-05,TEMP-SCAFF-002,품질/시공,작업 후 정리정돈 및 후속공정 인계를 완료했는가?,예/아니오/해당없음,"사진, 일지, 검측서"
CHK-TEMP-DECK-001-01,TEMP-DECK-001,공통,작업 전 TBM 및 위험성평가를 실시했는가?,예/아니오/해당없음,"사진, 일지, 검측서"
CHK-TEMP-DECK-001-02,TEMP-DECK-001,공통,작업구역 출입통제와 보행동선 분리가 되었는가?,예/아니오/해당없음,"사진, 일지, 검측서"
CHK-TEMP-DECK-001-03,TEMP-DECK-001,품질/시공,도면·시방서·자재승인 사항을 확인했는가?,예/아니오/해당없음,"사진, 일지, 검측서"
CHK-TEMP-DECK-001-04,TEMP-DECK-001,품질/시공,검측 전 자체 품질점검을 완료했는가?,예/아니오/해당없음,"사진, 일지, 검측서"
CHK-TEMP-DECK-001-05,TEMP-DECK-001,품질/시공,작업 후 정리정돈 및 후속공정 인계를 완료했는가?,예/아니오/해당없음,"사진, 일지, 검측서"
CHK-TEMP-NET-001-01,TEMP-NET-001,공통,작업 전 TBM 및 위험성평가를 실시했는가?,예/아니오/해당없음,"사진, 일지, 검측서"
CHK-TEMP-NET-001-02,TEMP-NET-001,공통,작업구역 출입통제와 보행동선 분리가 되었는가?,예/아니오/해당없음,"사진, 일지, 검측서"
CHK-TEMP-NET-001-03,TEMP-NET-001,품질/시공,도면·시방서·자재승인 사항을 확인했는가?,예/아니오/해당없음,"사진, 일지, 검측서"
CHK-TEMP-NET-001-04,TEMP-NET-001,품질/시공,검측 전 자체 품질점검을 완료했는가?,예/아니오/해당없음,"사진, 일지, 검측서"
CHK-TEMP-NET-001-05,TEMP-NET-001,품질/시공,작업 후 정리정돈 및 후속공정 인계를 완료했는가?,예/아니오/해당없음,"사진, 일지, 검측서"
CHK-EARTH-CLEAR-001-01,EARTH-CLEAR-001,공통,작업 전 TBM 및 위험성평가를 실시했는가?,예/아니오/해당없음,"사진, 일지, 검측서"
CHK-EARTH-CLEAR-001-02,EARTH-CLEAR-001,공통,작업구역 출입통제와 보행동선 분리가 되었는가?,예/아니오/해당없음,"사진, 일지, 검측서"
CHK-EARTH-CLEAR-001-03,EARTH-CLEAR-001,품질/시공,도면·시방서·자재승인 사항을 확인했는가?,예/아니오/해당없음,"사진, 일지, 검측서"
CHK-EARTH-CLEAR-001-04,EARTH-CLEAR-001,품질/시공,검측 전 자체 품질점검을 완료했는가?,예/아니오/해당없음,"사진, 일지, 검측서"
CHK-EARTH-CLEAR-001-05,EARTH-CLEAR-001,품질/시공,작업 후 정리정돈 및 후속공정 인계를 완료했는가?,예/아니오/해당없음,"사진, 일지, 검측서"
CHK-EARTH-EXC-001-01,EARTH-EXC-001,공통,작업 전 TBM 및 위험성평가를 실시했는가?,예/아니오/해당없음,"사진, 일지, 검측서"
CHK-EARTH-EXC-001-02,EARTH-EXC-001,공통,작업구역 출입통제와 보행동선 분리가 되었는가?,예/아니오/해당없음,"사진, 일지, 검측서"
CHK-EARTH-EXC-001-03,EARTH-EXC-001,품질/시공,도면·시방서·자재승인 사항을 확인했는가?,예/아니오/해당없음,"사진, 일지, 검측서"
CHK-EARTH-EXC-001-04,EARTH-EXC-001,품질/시공,검측 전 자체 품질점검을 완료했는가?,예/아니오/해당없음,"사진, 일지, 검측서"
CHK-EARTH-EXC-001-05,EARTH-EXC-001,품질/시공,작업 후 정리정돈 및 후속공정 인계를 완료했는가?,예/아니오/해당없음,"사진, 일지, 검측서"
CHK-EARTH-EXC-002-01,EARTH-EXC-002,공통,작업 전 TBM 및 위험성평가를 실시했는가?,예/아니오/해당없음,"사진, 일지, 검측서"
CHK-EARTH-EXC-002-02,EARTH-EXC-002,공통,작업구역 출입통제와 보행동선 분리가 되었는가?,예/아니오/해당없음,"사진, 일지, 검측서"
CHK-EARTH-EXC-002-03,EARTH-EXC-002,품질/시공,도면·시방서·자재승인 사항을 확인했는가?,예/아니오/해당없음,"사진, 일지, 검측서"
CHK-EARTH-EXC-002-04,EARTH-EXC-002,품질/시공,검측 전 자체 품질점검을 완료했는가?,예/아니오/해당없음,"사진, 일지, 검측서"
CHK-EARTH-EXC-002-05,EARTH-EXC-002,품질/시공,작업 후 정리정돈 및 후속공정 인계를 완료했는가?,예/아니오/해당없음,"사진, 일지, 검측서"
CHK-EARTH-ROCK-001-01,EARTH-ROCK-001,공통,작업 전 TBM 및 위험성평가를 실시했는가?,예/아니오/해당없음,"사진, 일지, 검측서"
CHK-EARTH-ROCK-001-02,EARTH-ROCK-001,공통,작업구역 출입통제와 보행동선 분리가 되었는가?,예/아니오/해당없음,"사진, 일지, 검측서"
CHK-EARTH-ROCK-001-03,EARTH-ROCK-001,품질/시공,도면·시방서·자재승인 사항을 확인했는가?,예/아니오/해당없음,"사진, 일지, 검측서"
CHK-EARTH-ROCK-001-04,EARTH-ROCK-001,품질/시공,검측 전 자체 품질점검을 완료했는가?,예/아니오/해당없음,"사진, 일지, 검측서"
CHK-EARTH-ROCK-001-05,EARTH-ROCK-001,품질/시공,작업 후 정리정돈 및 후속공정 인계를 완료했는가?,예/아니오/해당없음,"사진, 일지, 검측서"
CHK-EARTH-HAUL-001-01,EARTH-HAUL-001,공통,작업 전 TBM 및 위험성평가를 실시했는가?,예/아니오/해당없음,"사진, 일지, 검측서"
CHK-EARTH-HAUL-001-02,EARTH-HAUL-001,공통,작업구역 출입통제와 보행동선 분리가 되었는가?,예/아니오/해당없음,"사진, 일지, 검측서"
CHK-EARTH-HAUL-001-03,EARTH-HAUL-001,품질/시공,도면·시방서·자재승인 사항을 확인했는가?,예/아니오/해당없음,"사진, 일지, 검측서"
CHK-EARTH-HAUL-001-04,EARTH-HAUL-001,품질/시공,검측 전 자체 품질점검을 완료했는가?,예/아니오/해당없음,"사진, 일지, 검측서"
CHK-EARTH-HAUL-001-05,EARTH-HAUL-001,품질/시공,작업 후 정리정돈 및 후속공정 인계를 완료했는가?,예/아니오/해당없음,"사진, 일지, 검측서"
CHK-EARTH-BACK-001-01,EARTH-BACK-001,공통,작업 전 TBM 및 위험성평가를 실시했는가?,예/아니오/해당없음,"사진, 일지, 검측서"
CHK-EARTH-BACK-001-02,EARTH-BACK-001,공통,작업구역 출입통제와 보행동선 분리가 되었는가?,예/아니오/해당없음,"사진, 일지, 검측서"
CHK-EARTH-BACK-001-03,EARTH-BACK-001,품질/시공,도면·시방서·자재승인 사항을 확인했는가?,예/아니오/해당없음,"사진, 일지, 검측서"
CHK-EARTH-BACK-001-04,EARTH-BACK-001,품질/시공,검측 전 자체 품질점검을 완료했는가?,예/아니오/해당없음,"사진, 일지, 검측서"
CHK-EARTH-BACK-001-05,EARTH-BACK-001,품질/시공,작업 후 정리정돈 및 후속공정 인계를 완료했는가?,예/아니오/해당없음,"사진, 일지, 검측서"
CHK-EARTH-COMP-001-01,EARTH-COMP-001,공통,작업 전 TBM 및 위험성평가를 실시했는가?,예/아니오/해당없음,"사진, 일지, 검측서"
CHK-EARTH-COMP-001-02,EARTH-COMP-001,공통,작업구역 출입통제와 보행동선 분리가 되었는가?,예/아니오/해당없음,"사진, 일지, 검측서"
CHK-EARTH-COMP-001-03,EARTH-COMP-001,품질/시공,도면·시방서·자재승인 사항을 확인했는가?,예/아니오/해당없음,"사진, 일지, 검측서"
CHK-EARTH-COMP-001-04,EARTH-COMP-001,품질/시공,검측 전 자체 품질점검을 완료했는가?,예/아니오/해당없음,"사진, 일지, 검측서"
CHK-EARTH-COMP-001-05,EARTH-COMP-001,품질/시공,작업 후 정리정돈 및 후속공정 인계를 완료했는가?,예/아니오/해당없음,"사진, 일지, 검측서"
CHK-PILE-PHC-001-01,PILE-PHC-001,공통,작업 전 TBM 및 위험성평가를 실시했는가?,예/아니오/해당없음,"사진, 일지, 검측서"
CHK-PILE-PHC-001-02,PILE-PHC-001,공통,작업구역 출입통제와 보행동선 분리가 되었는가?,예/아니오/해당없음,"사진, 일지, 검측서"
CHK-PILE-PHC-001-03,PILE-PHC-001,품질/시공,도면·시방서·자재승인 사항을 확인했는가?,예/아니오/해당없음,"사진, 일지, 검측서"
CHK-PILE-PHC-001-04,PILE-PHC-001,품질/시공,검측 전 자체 품질점검을 완료했는가?,예/아니오/해당없음,"사진, 일지, 검측서"
CHK-PILE-PHC-001-05,PILE-PHC-001,품질/시공,작업 후 정리정돈 및 후속공정 인계를 완료했는가?,예/아니오/해당없음,"사진, 일지, 검측서"
CHK-PILE-DRILL-001-01,PILE-DRILL-001,공통,작업 전 TBM 및 위험성평가를 실시했는가?,예/아니오/해당없음,"사진, 일지, 검측서"
CHK-PILE-DRILL-001-02,PILE-DRILL-001,공통,작업구역 출입통제와 보행동선 분리가 되었는가?,예/아니오/해당없음,"사진, 일지, 검측서"
CHK-PILE-DRILL-001-03,PILE-DRILL-001,품질/시공,도면·시방서·자재승인 사항을 확인했는가?,예/아니오/해당없음,"사진, 일지, 검측서"
CHK-PILE-DRILL-001-04,PILE-DRILL-001,품질/시공,검측 전 자체 품질점검을 완료했는가?,예/아니오/해당없음,"사진, 일지, 검측서"
CHK-PILE-DRILL-001-05,PILE-DRILL-001,품질/시공,작업 후 정리정돈 및 후속공정 인계를 완료했는가?,예/아니오/해당없음,"사진, 일지, 검측서"
CHK-PILE-DRIVE-001-01,PILE-DRIVE-001,공통,작업 전 TBM 및 위험성평가를 실시했는가?,예/아니오/해당없음,"사진, 일지, 검측서"
CHK-PILE-DRIVE-001-02,PILE-DRIVE-001,공통,작업구역 출입통제와 보행동선 분리가 되었는가?,예/아니오/해당없음,"사진, 일지, 검측서"
CHK-PILE-DRIVE-001-03,PILE-DRIVE-001,품질/시공,도면·시방서·자재승인 사항을 확인했는가?,예/아니오/해당없음,"사진, 일지, 검측서"
CHK-PILE-DRIVE-001-04,PILE-DRIVE-001,품질/시공,검측 전 자체 품질점검을 완료했는가?,예/아니오/해당없음,"사진, 일지, 검측서"
CHK-PILE-DRIVE-001-05,PILE-DRIVE-001,품질/시공,작업 후 정리정돈 및 후속공정 인계를 완료했는가?,예/아니오/해당없음,"사진, 일지, 검측서"
CHK-PILE-CUT-001-01,PILE-CUT-001,공통,작업 전 TBM 및 위험성평가를 실시했는가?,예/아니오/해당없음,"사진, 일지, 검측서"
CHK-PILE-CUT-001-02,PILE-CUT-001,공통,작업구역 출입통제와 보행동선 분리가 되었는가?,예/아니오/해당없음,"사진, 일지, 검측서"
CHK-PILE-CUT-001-03,PILE-CUT-001,품질/시공,도면·시방서·자재승인 사항을 확인했는가?,예/아니오/해당없음,"사진, 일지, 검측서"
CHK-PILE-CUT-001-04,PILE-CUT-001,품질/시공,검측 전 자체 품질점검을 완료했는가?,예/아니오/해당없음,"사진, 일지, 검측서"
CHK-PILE-CUT-001-05,PILE-CUT-001,품질/시공,작업 후 정리정돈 및 후속공정 인계를 완료했는가?,예/아니오/해당없음,"사진, 일지, 검측서"
CHK-PILE-GROUT-001-01,PILE-GROUT-001,공통,작업 전 TBM 및 위험성평가를 실시했는가?,예/아니오/해당없음,"사진, 일지, 검측서"
CHK-PILE-GROUT-001-02,PILE-GROUT-001,공통,작업구역 출입통제와 보행동선 분리가 되었는가?,예/아니오/해당없음,"사진, 일지, 검측서"
CHK-PILE-GROUT-001-03,PILE-GROUT-001,품질/시공,도면·시방서·자재승인 사항을 확인했는가?,예/아니오/해당없음,"사진, 일지, 검측서"
CHK-PILE-GROUT-001-04,PILE-GROUT-001,품질/시공,검측 전 자체 품질점검을 완료했는가?,예/아니오/해당없음,"사진, 일지, 검측서"
CHK-PILE-GROUT-001-05,PILE-GROUT-001,품질/시공,작업 후 정리정돈 및 후속공정 인계를 완료했는가?,예/아니오/해당없음,"사진, 일지, 검측서"
CHK-RC-FORM-001-01,RC-FORM-001,공통,작업 전 TBM 및 위험성평가를 실시했는가?,예/아니오/해당없음,"사진, 일지, 검측서"
CHK-RC-FORM-001-02,RC-FORM-001,공통,작업구역 출입통제와 보행동선 분리가 되었는가?,예/아니오/해당없음,"사진, 일지, 검측서"
CHK-RC-FORM-001-03,RC-FORM-001,품질/시공,도면·시방서·자재승인 사항을 확인했는가?,예/아니오/해당없음,"사진, 일지, 검측서"
CHK-RC-FORM-001-04,RC-FORM-001,품질/시공,검측 전 자체 품질점검을 완료했는가?,예/아니오/해당없음,"사진, 일지, 검측서"
CHK-RC-FORM-001-05,RC-FORM-001,품질/시공,작업 후 정리정돈 및 후속공정 인계를 완료했는가?,예/아니오/해당없음,"사진, 일지, 검측서"
CHK-RC-FORM-002-01,RC-FORM-002,공통,작업 전 TBM 및 위험성평가를 실시했는가?,예/아니오/해당없음,"사진, 일지, 검측서"
CHK-RC-FORM-002-02,RC-FORM-002,공통,작업구역 출입통제와 보행동선 분리가 되었는가?,예/아니오/해당없음,"사진, 일지, 검측서"
CHK-RC-FORM-002-03,RC-FORM-002,품질/시공,도면·시방서·자재승인 사항을 확인했는가?,예/아니오/해당없음,"사진, 일지, 검측서"
CHK-RC-FORM-002-04,RC-FORM-002,품질/시공,검측 전 자체 품질점검을 완료했는가?,예/아니오/해당없음,"사진, 일지, 검측서"
CHK-RC-FORM-002-05,RC-FORM-002,품질/시공,작업 후 정리정돈 및 후속공정 인계를 완료했는가?,예/아니오/해당없음,"사진, 일지, 검측서"
CHK-RC-FORM-003-01,RC-FORM-003,공통,작업 전 TBM 및 위험성평가를 실시했는가?,예/아니오/해당없음,"사진, 일지, 검측서"
CHK-RC-FORM-003-02,RC-FORM-003,공통,작업구역 출입통제와 보행동선 분리가 되었는가?,예/아니오/해당없음,"사진, 일지, 검측서"
CHK-RC-FORM-003-03,RC-FORM-003,품질/시공,도면·시방서·자재승인 사항을 확인했는가?,예/아니오/해당없음,"사진, 일지, 검측서"
CHK-RC-FORM-003-04,RC-FORM-003,품질/시공,검측 전 자체 품질점검을 완료했는가?,예/아니오/해당없음,"사진, 일지, 검측서"
CHK-RC-FORM-003-05,RC-FORM-003,품질/시공,작업 후 정리정돈 및 후속공정 인계를 완료했는가?,예/아니오/해당없음,"사진, 일지, 검측서"
CHK-RC-FORM-004-01,RC-FORM-004,공통,작업 전 TBM 및 위험성평가를 실시했는가?,예/아니오/해당없음,"사진, 일지, 검측서"
CHK-RC-FORM-004-02,RC-FORM-004,공통,작업구역 출입통제와 보행동선 분리가 되었는가?,예/아니오/해당없음,"사진, 일지, 검측서"
CHK-RC-FORM-004-03,RC-FORM-004,품질/시공,도면·시방서·자재승인 사항을 확인했는가?,예/아니오/해당없음,"사진, 일지, 검측서"
CHK-RC-FORM-004-04,RC-FORM-004,품질/시공,검측 전 자체 품질점검을 완료했는가?,예/아니오/해당없음,"사진, 일지, 검측서"
CHK-RC-FORM-004-05,RC-FORM-004,품질/시공,작업 후 정리정돈 및 후속공정 인계를 완료했는가?,예/아니오/해당없음,"사진, 일지, 검측서"
CHK-RC-REBAR-001-01,RC-REBAR-001,공통,작업 전 TBM 및 위험성평가를 실시했는가?,예/아니오/해당없음,"사진, 일지, 검측서"
CHK-RC-REBAR-001-02,RC-REBAR-001,공통,작업구역 출입통제와 보행동선 분리가 되었는가?,예/아니오/해당없음,"사진, 일지, 검측서"
CHK-RC-REBAR-001-03,RC-REBAR-001,품질/시공,도면·시방서·자재승인 사항을 확인했는가?,예/아니오/해당없음,"사진, 일지, 검측서"
CHK-RC-REBAR-001-04,RC-REBAR-001,품질/시공,검측 전 자체 품질점검을 완료했는가?,예/아니오/해당없음,"사진, 일지, 검측서"
CHK-RC-REBAR-001-05,RC-REBAR-001,품질/시공,작업 후 정리정돈 및 후속공정 인계를 완료했는가?,예/아니오/해당없음,"사진, 일지, 검측서"
CHK-RC-REBAR-002-01,RC-REBAR-002,공통,작업 전 TBM 및 위험성평가를 실시했는가?,예/아니오/해당없음,"사진, 일지, 검측서"
CHK-RC-REBAR-002-02,RC-REBAR-002,공통,작업구역 출입통제와 보행동선 분리가 되었는가?,예/아니오/해당없음,"사진, 일지, 검측서"
CHK-RC-REBAR-002-03,RC-REBAR-002,품질/시공,도면·시방서·자재승인 사항을 확인했는가?,예/아니오/해당없음,"사진, 일지, 검측서"
CHK-RC-REBAR-002-04,RC-REBAR-002,품질/시공,검측 전 자체 품질점검을 완료했는가?,예/아니오/해당없음,"사진, 일지, 검측서"
CHK-RC-REBAR-002-05,RC-REBAR-002,품질/시공,작업 후 정리정돈 및 후속공정 인계를 완료했는가?,예/아니오/해당없음,"사진, 일지, 검측서"
CHK-RC-REBAR-003-01,RC-REBAR-003,공통,작업 전 TBM 및 위험성평가를 실시했는가?,예/아니오/해당없음,"사진, 일지, 검측서"
CHK-RC-REBAR-003-02,RC-REBAR-003,공통,작업구역 출입통제와 보행동선 분리가 되었는가?,예/아니오/해당없음,"사진, 일지, 검측서"
CHK-RC-REBAR-003-03,RC-REBAR-003,품질/시공,도면·시방서·자재승인 사항을 확인했는가?,예/아니오/해당없음,"사진, 일지, 검측서"
CHK-RC-REBAR-003-04,RC-REBAR-003,품질/시공,검측 전 자체 품질점검을 완료했는가?,예/아니오/해당없음,"사진, 일지, 검측서"
CHK-RC-REBAR-003-05,RC-REBAR-003,품질/시공,작업 후 정리정돈 및 후속공정 인계를 완료했는가?,예/아니오/해당없음,"사진, 일지, 검측서"
CHK-RC-REBAR-004-01,RC-REBAR-004,공통,작업 전 TBM 및 위험성평가를 실시했는가?,예/아니오/해당없음,"사진, 일지, 검측서"
CHK-RC-REBAR-004-02,RC-REBAR-004,공통,작업구역 출입통제와 보행동선 분리가 되었는가?,예/아니오/해당없음,"사진, 일지, 검측서"
CHK-RC-REBAR-004-03,RC-REBAR-004,품질/시공,도면·시방서·자재승인 사항을 확인했는가?,예/아니오/해당없음,"사진, 일지, 검측서"
CHK-RC-REBAR-004-04,RC-REBAR-004,품질/시공,검측 전 자체 품질점검을 완료했는가?,예/아니오/해당없음,"사진, 일지, 검측서"
CHK-RC-REBAR-004-05,RC-REBAR-004,품질/시공,작업 후 정리정돈 및 후속공정 인계를 완료했는가?,예/아니오/해당없음,"사진, 일지, 검측서"
CHK-RC-CONC-001-01,RC-CONC-001,공통,작업 전 TBM 및 위험성평가를 실시했는가?,예/아니오/해당없음,"사진, 일지, 검측서"
CHK-RC-CONC-001-02,RC-CONC-001,공통,작업구역 출입통제와 보행동선 분리가 되었는가?,예/아니오/해당없음,"사진, 일지, 검측서"
CHK-RC-CONC-001-03,RC-CONC-001,품질/시공,도면·시방서·자재승인 사항을 확인했는가?,예/아니오/해당없음,"사진, 일지, 검측서"
CHK-RC-CONC-001-04,RC-CONC-001,품질/시공,검측 전 자체 품질점검을 완료했는가?,예/아니오/해당없음,"사진, 일지, 검측서"
CHK-RC-CONC-001-05,RC-CONC-001,품질/시공,작업 후 정리정돈 및 후속공정 인계를 완료했는가?,예/아니오/해당없음,"사진, 일지, 검측서"
CHK-RC-CONC-002-01,RC-CONC-002,공통,작업 전 TBM 및 위험성평가를 실시했는가?,예/아니오/해당없음,"사진, 일지, 검측서"
CHK-RC-CONC-002-02,RC-CONC-002,공통,작업구역 출입통제와 보행동선 분리가 되었는가?,예/아니오/해당없음,"사진, 일지, 검측서"
CHK-RC-CONC-002-03,RC-CONC-002,품질/시공,도면·시방서·자재승인 사항을 확인했는가?,예/아니오/해당없음,"사진, 일지, 검측서"
CHK-RC-CONC-002-04,RC-CONC-002,품질/시공,검측 전 자체 품질점검을 완료했는가?,예/아니오/해당없음,"사진, 일지, 검측서"
CHK-RC-CONC-002-05,RC-CONC-002,품질/시공,작업 후 정리정돈 및 후속공정 인계를 완료했는가?,예/아니오/해당없음,"사진, 일지, 검측서"
CHK-RC-CONC-003-01,RC-CONC-003,공통,작업 전 TBM 및 위험성평가를 실시했는가?,예/아니오/해당없음,"사진, 일지, 검측서"
CHK-RC-CONC-003-02,RC-CONC-003,공통,작업구역 출입통제와 보행동선 분리가 되었는가?,예/아니오/해당없음,"사진, 일지, 검측서"
CHK-RC-CONC-003-03,RC-CONC-003,품질/시공,도면·시방서·자재승인 사항을 확인했는가?,예/아니오/해당없음,"사진, 일지, 검측서"
CHK-RC-CONC-003-04,RC-CONC-003,품질/시공,검측 전 자체 품질점검을 완료했는가?,예/아니오/해당없음,"사진, 일지, 검측서"
CHK-RC-CONC-003-05,RC-CONC-003,품질/시공,작업 후 정리정돈 및 후속공정 인계를 완료했는가?,예/아니오/해당없음,"사진, 일지, 검측서"
CHK-RC-CURE-001-01,RC-CURE-001,공통,작업 전 TBM 및 위험성평가를 실시했는가?,예/아니오/해당없음,"사진, 일지, 검측서"
CHK-RC-CURE-001-02,RC-CURE-001,공통,작업구역 출입통제와 보행동선 분리가 되었는가?,예/아니오/해당없음,"사진, 일지, 검측서"
CHK-RC-CURE-001-03,RC-CURE-001,품질/시공,도면·시방서·자재승인 사항을 확인했는가?,예/아니오/해당없음,"사진, 일지, 검측서"
CHK-RC-CURE-001-04,RC-CURE-001,품질/시공,검측 전 자체 품질점검을 완료했는가?,예/아니오/해당없음,"사진, 일지, 검측서"
CHK-RC-CURE-001-05,RC-CURE-001,품질/시공,작업 후 정리정돈 및 후속공정 인계를 완료했는가?,예/아니오/해당없음,"사진, 일지, 검측서"
CHK-RC-TEST-001-01,RC-TEST-001,공통,작업 전 TBM 및 위험성평가를 실시했는가?,예/아니오/해당없음,"사진, 일지, 검측서"
CHK-RC-TEST-001-02,RC-TEST-001,공통,작업구역 출입통제와 보행동선 분리가 되었는가?,예/아니오/해당없음,"사진, 일지, 검측서"
CHK-RC-TEST-001-03,RC-TEST-001,품질/시공,도면·시방서·자재승인 사항을 확인했는가?,예/아니오/해당없음,"사진, 일지, 검측서"
CHK-RC-TEST-001-04,RC-TEST-001,품질/시공,검측 전 자체 품질점검을 완료했는가?,예/아니오/해당없음,"사진, 일지, 검측서"
CHK-RC-TEST-001-05,RC-TEST-001,품질/시공,작업 후 정리정돈 및 후속공정 인계를 완료했는가?,예/아니오/해당없음,"사진, 일지, 검측서"
CHK-STEEL-ANCHOR-001-01,STEEL-ANCHOR-001,공통,작업 전 TBM 및 위험성평가를 실시했는가?,예/아니오/해당없음,"사진, 일지, 검측서"
CHK-STEEL-ANCHOR-001-02,STEEL-ANCHOR-001,공통,작업구역 출입통제와 보행동선 분리가 되었는가?,예/아니오/해당없음,"사진, 일지, 검측서"
CHK-STEEL-ANCHOR-001-03,STEEL-ANCHOR-001,품질/시공,도면·시방서·자재승인 사항을 확인했는가?,예/아니오/해당없음,"사진, 일지, 검측서"
CHK-STEEL-ANCHOR-001-04,STEEL-ANCHOR-001,품질/시공,검측 전 자체 품질점검을 완료했는가?,예/아니오/해당없음,"사진, 일지, 검측서"
CHK-STEEL-ANCHOR-001-05,STEEL-ANCHOR-001,품질/시공,작업 후 정리정돈 및 후속공정 인계를 완료했는가?,예/아니오/해당없음,"사진, 일지, 검측서"
CHK-STEEL-ERECT-001-01,STEEL-ERECT-001,공통,작업 전 TBM 및 위험성평가를 실시했는가?,예/아니오/해당없음,"사진, 일지, 검측서"
CHK-STEEL-ERECT-001-02,STEEL-ERECT-001,공통,작업구역 출입통제와 보행동선 분리가 되었는가?,예/아니오/해당없음,"사진, 일지, 검측서"
CHK-STEEL-ERECT-001-03,STEEL-ERECT-001,품질/시공,도면·시방서·자재승인 사항을 확인했는가?,예/아니오/해당없음,"사진, 일지, 검측서"
CHK-STEEL-ERECT-001-04,STEEL-ERECT-001,품질/시공,검측 전 자체 품질점검을 완료했는가?,예/아니오/해당없음,"사진, 일지, 검측서"
CHK-STEEL-ERECT-001-05,STEEL-ERECT-001,품질/시공,작업 후 정리정돈 및 후속공정 인계를 완료했는가?,예/아니오/해당없음,"사진, 일지, 검측서"
CHK-STEEL-BOLT-001-01,STEEL-BOLT-001,공통,작업 전 TBM 및 위험성평가를 실시했는가?,예/아니오/해당없음,"사진, 일지, 검측서"
CHK-STEEL-BOLT-001-02,STEEL-BOLT-001,공통,작업구역 출입통제와 보행동선 분리가 되었는가?,예/아니오/해당없음,"사진, 일지, 검측서"
CHK-STEEL-BOLT-001-03,STEEL-BOLT-001,품질/시공,도면·시방서·자재승인 사항을 확인했는가?,예/아니오/해당없음,"사진, 일지, 검측서"
CHK-STEEL-BOLT-001-04,STEEL-BOLT-001,품질/시공,검측 전 자체 품질점검을 완료했는가?,예/아니오/해당없음,"사진, 일지, 검측서"
CHK-STEEL-BOLT-001-05,STEEL-BOLT-001,품질/시공,작업 후 정리정돈 및 후속공정 인계를 완료했는가?,예/아니오/해당없음,"사진, 일지, 검측서"
CHK-STEEL-WELD-001-01,STEEL-WELD-001,공통,작업 전 TBM 및 위험성평가를 실시했는가?,예/아니오/해당없음,"사진, 일지, 검측서"
CHK-STEEL-WELD-001-02,STEEL-WELD-001,공통,작업구역 출입통제와 보행동선 분리가 되었는가?,예/아니오/해당없음,"사진, 일지, 검측서"
CHK-STEEL-WELD-001-03,STEEL-WELD-001,품질/시공,도면·시방서·자재승인 사항을 확인했는가?,예/아니오/해당없음,"사진, 일지, 검측서"
CHK-STEEL-WELD-001-04,STEEL-WELD-001,품질/시공,검측 전 자체 품질점검을 완료했는가?,예/아니오/해당없음,"사진, 일지, 검측서"
CHK-STEEL-WELD-001-05,STEEL-WELD-001,품질/시공,작업 후 정리정돈 및 후속공정 인계를 완료했는가?,예/아니오/해당없음,"사진, 일지, 검측서"
CHK-STEEL-DECK-001-01,STEEL-DECK-001,공통,작업 전 TBM 및 위험성평가를 실시했는가?,예/아니오/해당없음,"사진, 일지, 검측서"
CHK-STEEL-DECK-001-02,STEEL-DECK-001,공통,작업구역 출입통제와 보행동선 분리가 되었는가?,예/아니오/해당없음,"사진, 일지, 검측서"
CHK-STEEL-DECK-001-03,STEEL-DECK-001,품질/시공,도면·시방서·자재승인 사항을 확인했는가?,예/아니오/해당없음,"사진, 일지, 검측서"
CHK-STEEL-DECK-001-04,STEEL-DECK-001,품질/시공,검측 전 자체 품질점검을 완료했는가?,예/아니오/해당없음,"사진, 일지, 검측서"
CHK-STEEL-DECK-001-05,STEEL-DECK-001,품질/시공,작업 후 정리정돈 및 후속공정 인계를 완료했는가?,예/아니오/해당없음,"사진, 일지, 검측서"
CHK-STEEL-FIRE-001-01,STEEL-FIRE-001,공통,작업 전 TBM 및 위험성평가를 실시했는가?,예/아니오/해당없음,"사진, 일지, 검측서"
CHK-STEEL-FIRE-001-02,STEEL-FIRE-001,공통,작업구역 출입통제와 보행동선 분리가 되었는가?,예/아니오/해당없음,"사진, 일지, 검측서"
CHK-STEEL-FIRE-001-03,STEEL-FIRE-001,품질/시공,도면·시방서·자재승인 사항을 확인했는가?,예/아니오/해당없음,"사진, 일지, 검측서"
CHK-STEEL-FIRE-001-04,STEEL-FIRE-001,품질/시공,검측 전 자체 품질점검을 완료했는가?,예/아니오/해당없음,"사진, 일지, 검측서"
CHK-STEEL-FIRE-001-05,STEEL-FIRE-001,품질/시공,작업 후 정리정돈 및 후속공정 인계를 완료했는가?,예/아니오/해당없음,"사진, 일지, 검측서"
CHK-MASON-BRICK-001-01,MASON-BRICK-001,공통,작업 전 TBM 및 위험성평가를 실시했는가?,예/아니오/해당없음,"사진, 일지, 검측서"
CHK-MASON-BRICK-001-02,MASON-BRICK-001,공통,작업구역 출입통제와 보행동선 분리가 되었는가?,예/아니오/해당없음,"사진, 일지, 검측서"
CHK-MASON-BRICK-001-03,MASON-BRICK-001,품질/시공,도면·시방서·자재승인 사항을 확인했는가?,예/아니오/해당없음,"사진, 일지, 검측서"
CHK-MASON-BRICK-001-04,MASON-BRICK-001,품질/시공,검측 전 자체 품질점검을 완료했는가?,예/아니오/해당없음,"사진, 일지, 검측서"
CHK-MASON-BRICK-001-05,MASON-BRICK-001,품질/시공,작업 후 정리정돈 및 후속공정 인계를 완료했는가?,예/아니오/해당없음,"사진, 일지, 검측서"
CHK-MASON-BLOCK-001-01,MASON-BLOCK-001,공통,작업 전 TBM 및 위험성평가를 실시했는가?,예/아니오/해당없음,"사진, 일지, 검측서"
CHK-MASON-BLOCK-001-02,MASON-BLOCK-001,공통,작업구역 출입통제와 보행동선 분리가 되었는가?,예/아니오/해당없음,"사진, 일지, 검측서"
CHK-MASON-BLOCK-001-03,MASON-BLOCK-001,품질/시공,도면·시방서·자재승인 사항을 확인했는가?,예/아니오/해당없음,"사진, 일지, 검측서"
CHK-MASON-BLOCK-001-04,MASON-BLOCK-001,품질/시공,검측 전 자체 품질점검을 완료했는가?,예/아니오/해당없음,"사진, 일지, 검측서"
CHK-MASON-BLOCK-001-05,MASON-BLOCK-001,품질/시공,작업 후 정리정돈 및 후속공정 인계를 완료했는가?,예/아니오/해당없음,"사진, 일지, 검측서"
CHK-MASON-LINTEL-001-01,MASON-LINTEL-001,공통,작업 전 TBM 및 위험성평가를 실시했는가?,예/아니오/해당없음,"사진, 일지, 검측서"
CHK-MASON-LINTEL-001-02,MASON-LINTEL-001,공통,작업구역 출입통제와 보행동선 분리가 되었는가?,예/아니오/해당없음,"사진, 일지, 검측서"
CHK-MASON-LINTEL-001-03,MASON-LINTEL-001,품질/시공,도면·시방서·자재승인 사항을 확인했는가?,예/아니오/해당없음,"사진, 일지, 검측서"
CHK-MASON-LINTEL-001-04,MASON-LINTEL-001,품질/시공,검측 전 자체 품질점검을 완료했는가?,예/아니오/해당없음,"사진, 일지, 검측서"
CHK-MASON-LINTEL-001-05,MASON-LINTEL-001,품질/시공,작업 후 정리정돈 및 후속공정 인계를 완료했는가?,예/아니오/해당없음,"사진, 일지, 검측서"
CHK-PLASTER-WALL-001-01,PLASTER-WALL-001,공통,작업 전 TBM 및 위험성평가를 실시했는가?,예/아니오/해당없음,"사진, 일지, 검측서"
CHK-PLASTER-WALL-001-02,PLASTER-WALL-001,공통,작업구역 출입통제와 보행동선 분리가 되었는가?,예/아니오/해당없음,"사진, 일지, 검측서"
CHK-PLASTER-WALL-001-03,PLASTER-WALL-001,품질/시공,도면·시방서·자재승인 사항을 확인했는가?,예/아니오/해당없음,"사진, 일지, 검측서"
CHK-PLASTER-WALL-001-04,PLASTER-WALL-001,품질/시공,검측 전 자체 품질점검을 완료했는가?,예/아니오/해당없음,"사진, 일지, 검측서"
CHK-PLASTER-WALL-001-05,PLASTER-WALL-001,품질/시공,작업 후 정리정돈 및 후속공정 인계를 완료했는가?,예/아니오/해당없음,"사진, 일지, 검측서"
CHK-PLASTER-FLOOR-001-01,PLASTER-FLOOR-001,공통,작업 전 TBM 및 위험성평가를 실시했는가?,예/아니오/해당없음,"사진, 일지, 검측서"
CHK-PLASTER-FLOOR-001-02,PLASTER-FLOOR-001,공통,작업구역 출입통제와 보행동선 분리가 되었는가?,예/아니오/해당없음,"사진, 일지, 검측서"
CHK-PLASTER-FLOOR-001-03,PLASTER-FLOOR-001,품질/시공,도면·시방서·자재승인 사항을 확인했는가?,예/아니오/해당없음,"사진, 일지, 검측서"
CHK-PLASTER-FLOOR-001-04,PLASTER-FLOOR-001,품질/시공,검측 전 자체 품질점검을 완료했는가?,예/아니오/해당없음,"사진, 일지, 검측서"
CHK-PLASTER-FLOOR-001-05,PLASTER-FLOOR-001,품질/시공,작업 후 정리정돈 및 후속공정 인계를 완료했는가?,예/아니오/해당없음,"사진, 일지, 검측서"
CHK-PLASTER-LEVEL-001-01,PLASTER-LEVEL-001,공통,작업 전 TBM 및 위험성평가를 실시했는가?,예/아니오/해당없음,"사진, 일지, 검측서"
CHK-PLASTER-LEVEL-001-02,PLASTER-LEVEL-001,공통,작업구역 출입통제와 보행동선 분리가 되었는가?,예/아니오/해당없음,"사진, 일지, 검측서"
CHK-PLASTER-LEVEL-001-03,PLASTER-LEVEL-001,품질/시공,도면·시방서·자재승인 사항을 확인했는가?,예/아니오/해당없음,"사진, 일지, 검측서"
CHK-PLASTER-LEVEL-001-04,PLASTER-LEVEL-001,품질/시공,검측 전 자체 품질점검을 완료했는가?,예/아니오/해당없음,"사진, 일지, 검측서"
CHK-PLASTER-LEVEL-001-05,PLASTER-LEVEL-001,품질/시공,작업 후 정리정돈 및 후속공정 인계를 완료했는가?,예/아니오/해당없음,"사진, 일지, 검측서"
CHK-WATER-URE-001-01,WATER-URE-001,공통,작업 전 TBM 및 위험성평가를 실시했는가?,예/아니오/해당없음,"사진, 일지, 검측서"
CHK-WATER-URE-001-02,WATER-URE-001,공통,작업구역 출입통제와 보행동선 분리가 되었는가?,예/아니오/해당없음,"사진, 일지, 검측서"
CHK-WATER-URE-001-03,WATER-URE-001,품질/시공,도면·시방서·자재승인 사항을 확인했는가?,예/아니오/해당없음,"사진, 일지, 검측서"
CHK-WATER-URE-001-04,WATER-URE-001,품질/시공,검측 전 자체 품질점검을 완료했는가?,예/아니오/해당없음,"사진, 일지, 검측서"
CHK-WATER-URE-001-05,WATER-URE-001,품질/시공,작업 후 정리정돈 및 후속공정 인계를 완료했는가?,예/아니오/해당없음,"사진, 일지, 검측서"
CHK-WATER-SHEET-001-01,WATER-SHEET-001,공통,작업 전 TBM 및 위험성평가를 실시했는가?,예/아니오/해당없음,"사진, 일지, 검측서"
CHK-WATER-SHEET-001-02,WATER-SHEET-001,공통,작업구역 출입통제와 보행동선 분리가 되었는가?,예/아니오/해당없음,"사진, 일지, 검측서"
CHK-WATER-SHEET-001-03,WATER-SHEET-001,품질/시공,도면·시방서·자재승인 사항을 확인했는가?,예/아니오/해당없음,"사진, 일지, 검측서"
CHK-WATER-SHEET-001-04,WATER-SHEET-001,품질/시공,검측 전 자체 품질점검을 완료했는가?,예/아니오/해당없음,"사진, 일지, 검측서"
CHK-WATER-SHEET-001-05,WATER-SHEET-001,품질/시공,작업 후 정리정돈 및 후속공정 인계를 완료했는가?,예/아니오/해당없음,"사진, 일지, 검측서"
CHK-WATER-JOINT-001-01,WATER-JOINT-001,공통,작업 전 TBM 및 위험성평가를 실시했는가?,예/아니오/해당없음,"사진, 일지, 검측서"
CHK-WATER-JOINT-001-02,WATER-JOINT-001,공통,작업구역 출입통제와 보행동선 분리가 되었는가?,예/아니오/해당없음,"사진, 일지, 검측서"
CHK-WATER-JOINT-001-03,WATER-JOINT-001,품질/시공,도면·시방서·자재승인 사항을 확인했는가?,예/아니오/해당없음,"사진, 일지, 검측서"
CHK-WATER-JOINT-001-04,WATER-JOINT-001,품질/시공,검측 전 자체 품질점검을 완료했는가?,예/아니오/해당없음,"사진, 일지, 검측서"
CHK-WATER-JOINT-001-05,WATER-JOINT-001,품질/시공,작업 후 정리정돈 및 후속공정 인계를 완료했는가?,예/아니오/해당없음,"사진, 일지, 검측서"
CHK-INSUL-XPS-001-01,INSUL-XPS-001,공통,작업 전 TBM 및 위험성평가를 실시했는가?,예/아니오/해당없음,"사진, 일지, 검측서"
CHK-INSUL-XPS-001-02,INSUL-XPS-001,공통,작업구역 출입통제와 보행동선 분리가 되었는가?,예/아니오/해당없음,"사진, 일지, 검측서"
CHK-INSUL-XPS-001-03,INSUL-XPS-001,품질/시공,도면·시방서·자재승인 사항을 확인했는가?,예/아니오/해당없음,"사진, 일지, 검측서"
CHK-INSUL-XPS-001-04,INSUL-XPS-001,품질/시공,검측 전 자체 품질점검을 완료했는가?,예/아니오/해당없음,"사진, 일지, 검측서"
CHK-INSUL-XPS-001-05,INSUL-XPS-001,품질/시공,작업 후 정리정돈 및 후속공정 인계를 완료했는가?,예/아니오/해당없음,"사진, 일지, 검측서"
CHK-INSUL-WOOL-001-01,INSUL-WOOL-001,공통,작업 전 TBM 및 위험성평가를 실시했는가?,예/아니오/해당없음,"사진, 일지, 검측서"
CHK-INSUL-WOOL-001-02,INSUL-WOOL-001,공통,작업구역 출입통제와 보행동선 분리가 되었는가?,예/아니오/해당없음,"사진, 일지, 검측서"
CHK-INSUL-WOOL-001-03,INSUL-WOOL-001,품질/시공,도면·시방서·자재승인 사항을 확인했는가?,예/아니오/해당없음,"사진, 일지, 검측서"
CHK-INSUL-WOOL-001-04,INSUL-WOOL-001,품질/시공,검측 전 자체 품질점검을 완료했는가?,예/아니오/해당없음,"사진, 일지, 검측서"
CHK-INSUL-WOOL-001-05,INSUL-WOOL-001,품질/시공,작업 후 정리정돈 및 후속공정 인계를 완료했는가?,예/아니오/해당없음,"사진, 일지, 검측서"
CHK-WINDOW-AL-001-01,WINDOW-AL-001,공통,작업 전 TBM 및 위험성평가를 실시했는가?,예/아니오/해당없음,"사진, 일지, 검측서"
CHK-WINDOW-AL-001-02,WINDOW-AL-001,공통,작업구역 출입통제와 보행동선 분리가 되었는가?,예/아니오/해당없음,"사진, 일지, 검측서"
CHK-WINDOW-AL-001-03,WINDOW-AL-001,품질/시공,도면·시방서·자재승인 사항을 확인했는가?,예/아니오/해당없음,"사진, 일지, 검측서"
CHK-WINDOW-AL-001-04,WINDOW-AL-001,품질/시공,검측 전 자체 품질점검을 완료했는가?,예/아니오/해당없음,"사진, 일지, 검측서"
CHK-WINDOW-AL-001-05,WINDOW-AL-001,품질/시공,작업 후 정리정돈 및 후속공정 인계를 완료했는가?,예/아니오/해당없음,"사진, 일지, 검측서"
CHK-WINDOW-GLASS-001-01,WINDOW-GLASS-001,공통,작업 전 TBM 및 위험성평가를 실시했는가?,예/아니오/해당없음,"사진, 일지, 검측서"
CHK-WINDOW-GLASS-001-02,WINDOW-GLASS-001,공통,작업구역 출입통제와 보행동선 분리가 되었는가?,예/아니오/해당없음,"사진, 일지, 검측서"
CHK-WINDOW-GLASS-001-03,WINDOW-GLASS-001,품질/시공,도면·시방서·자재승인 사항을 확인했는가?,예/아니오/해당없음,"사진, 일지, 검측서"
CHK-WINDOW-GLASS-001-04,WINDOW-GLASS-001,품질/시공,검측 전 자체 품질점검을 완료했는가?,예/아니오/해당없음,"사진, 일지, 검측서"
CHK-WINDOW-GLASS-001-05,WINDOW-GLASS-001,품질/시공,작업 후 정리정돈 및 후속공정 인계를 완료했는가?,예/아니오/해당없음,"사진, 일지, 검측서"
CHK-WINDOW-DOOR-001-01,WINDOW-DOOR-001,공통,작업 전 TBM 및 위험성평가를 실시했는가?,예/아니오/해당없음,"사진, 일지, 검측서"
CHK-WINDOW-DOOR-001-02,WINDOW-DOOR-001,공통,작업구역 출입통제와 보행동선 분리가 되었는가?,예/아니오/해당없음,"사진, 일지, 검측서"
CHK-WINDOW-DOOR-001-03,WINDOW-DOOR-001,품질/시공,도면·시방서·자재승인 사항을 확인했는가?,예/아니오/해당없음,"사진, 일지, 검측서"
CHK-WINDOW-DOOR-001-04,WINDOW-DOOR-001,품질/시공,검측 전 자체 품질점검을 완료했는가?,예/아니오/해당없음,"사진, 일지, 검측서"
CHK-WINDOW-DOOR-001-05,WINDOW-DOOR-001,품질/시공,작업 후 정리정돈 및 후속공정 인계를 완료했는가?,예/아니오/해당없음,"사진, 일지, 검측서"
CHK-METAL-RAIL-001-01,METAL-RAIL-001,공통,작업 전 TBM 및 위험성평가를 실시했는가?,예/아니오/해당없음,"사진, 일지, 검측서"
CHK-METAL-RAIL-001-02,METAL-RAIL-001,공통,작업구역 출입통제와 보행동선 분리가 되었는가?,예/아니오/해당없음,"사진, 일지, 검측서"
CHK-METAL-RAIL-001-03,METAL-RAIL-001,품질/시공,도면·시방서·자재승인 사항을 확인했는가?,예/아니오/해당없음,"사진, 일지, 검측서"
CHK-METAL-RAIL-001-04,METAL-RAIL-001,품질/시공,검측 전 자체 품질점검을 완료했는가?,예/아니오/해당없음,"사진, 일지, 검측서"
CHK-METAL-RAIL-001-05,METAL-RAIL-001,품질/시공,작업 후 정리정돈 및 후속공정 인계를 완료했는가?,예/아니오/해당없음,"사진, 일지, 검측서"
CHK-METAL-CEIL-001-01,METAL-CEIL-001,공통,작업 전 TBM 및 위험성평가를 실시했는가?,예/아니오/해당없음,"사진, 일지, 검측서"
CHK-METAL-CEIL-001-02,METAL-CEIL-001,공통,작업구역 출입통제와 보행동선 분리가 되었는가?,예/아니오/해당없음,"사진, 일지, 검측서"
CHK-METAL-CEIL-001-03,METAL-CEIL-001,품질/시공,도면·시방서·자재승인 사항을 확인했는가?,예/아니오/해당없음,"사진, 일지, 검측서"
CHK-METAL-CEIL-001-04,METAL-CEIL-001,품질/시공,검측 전 자체 품질점검을 완료했는가?,예/아니오/해당없음,"사진, 일지, 검측서"
CHK-METAL-CEIL-001-05,METAL-CEIL-001,품질/시공,작업 후 정리정돈 및 후속공정 인계를 완료했는가?,예/아니오/해당없음,"사진, 일지, 검측서"
CHK-METAL-LOUVER-001-01,METAL-LOUVER-001,공통,작업 전 TBM 및 위험성평가를 실시했는가?,예/아니오/해당없음,"사진, 일지, 검측서"
CHK-METAL-LOUVER-001-02,METAL-LOUVER-001,공통,작업구역 출입통제와 보행동선 분리가 되었는가?,예/아니오/해당없음,"사진, 일지, 검측서"
CHK-METAL-LOUVER-001-03,METAL-LOUVER-001,품질/시공,도면·시방서·자재승인 사항을 확인했는가?,예/아니오/해당없음,"사진, 일지, 검측서"
CHK-METAL-LOUVER-001-04,METAL-LOUVER-001,품질/시공,검측 전 자체 품질점검을 완료했는가?,예/아니오/해당없음,"사진, 일지, 검측서"
CHK-METAL-LOUVER-001-05,METAL-LOUVER-001,품질/시공,작업 후 정리정돈 및 후속공정 인계를 완료했는가?,예/아니오/해당없음,"사진, 일지, 검측서"
CHK-ROOF-SHEET-001-01,ROOF-SHEET-001,공통,작업 전 TBM 및 위험성평가를 실시했는가?,예/아니오/해당없음,"사진, 일지, 검측서"
CHK-ROOF-SHEET-001-02,ROOF-SHEET-001,공통,작업구역 출입통제와 보행동선 분리가 되었는가?,예/아니오/해당없음,"사진, 일지, 검측서"
CHK-ROOF-SHEET-001-03,ROOF-SHEET-001,품질/시공,도면·시방서·자재승인 사항을 확인했는가?,예/아니오/해당없음,"사진, 일지, 검측서"
CHK-ROOF-SHEET-001-04,ROOF-SHEET-001,품질/시공,검측 전 자체 품질점검을 완료했는가?,예/아니오/해당없음,"사진, 일지, 검측서"
CHK-ROOF-SHEET-001-05,ROOF-SHEET-001,품질/시공,작업 후 정리정돈 및 후속공정 인계를 완료했는가?,예/아니오/해당없음,"사진, 일지, 검측서"
CHK-ROOF-DRAIN-001-01,ROOF-DRAIN-001,공통,작업 전 TBM 및 위험성평가를 실시했는가?,예/아니오/해당없음,"사진, 일지, 검측서"
CHK-ROOF-DRAIN-001-02,ROOF-DRAIN-001,공통,작업구역 출입통제와 보행동선 분리가 되었는가?,예/아니오/해당없음,"사진, 일지, 검측서"
CHK-ROOF-DRAIN-001-03,ROOF-DRAIN-001,품질/시공,도면·시방서·자재승인 사항을 확인했는가?,예/아니오/해당없음,"사진, 일지, 검측서"
CHK-ROOF-DRAIN-001-04,ROOF-DRAIN-001,품질/시공,검측 전 자체 품질점검을 완료했는가?,예/아니오/해당없음,"사진, 일지, 검측서"
CHK-ROOF-DRAIN-001-05,ROOF-DRAIN-001,품질/시공,작업 후 정리정돈 및 후속공정 인계를 완료했는가?,예/아니오/해당없음,"사진, 일지, 검측서"
CHK-STONE-EXT-001-01,STONE-EXT-001,공통,작업 전 TBM 및 위험성평가를 실시했는가?,예/아니오/해당없음,"사진, 일지, 검측서"
CHK-STONE-EXT-001-02,STONE-EXT-001,공통,작업구역 출입통제와 보행동선 분리가 되었는가?,예/아니오/해당없음,"사진, 일지, 검측서"
CHK-STONE-EXT-001-03,STONE-EXT-001,품질/시공,도면·시방서·자재승인 사항을 확인했는가?,예/아니오/해당없음,"사진, 일지, 검측서"
CHK-STONE-EXT-001-04,STONE-EXT-001,품질/시공,검측 전 자체 품질점검을 완료했는가?,예/아니오/해당없음,"사진, 일지, 검측서"
CHK-STONE-EXT-001-05,STONE-EXT-001,품질/시공,작업 후 정리정돈 및 후속공정 인계를 완료했는가?,예/아니오/해당없음,"사진, 일지, 검측서"
CHK-STONE-FLOOR-001-01,STONE-FLOOR-001,공통,작업 전 TBM 및 위험성평가를 실시했는가?,예/아니오/해당없음,"사진, 일지, 검측서"
CHK-STONE-FLOOR-001-02,STONE-FLOOR-001,공통,작업구역 출입통제와 보행동선 분리가 되었는가?,예/아니오/해당없음,"사진, 일지, 검측서"
CHK-STONE-FLOOR-001-03,STONE-FLOOR-001,품질/시공,도면·시방서·자재승인 사항을 확인했는가?,예/아니오/해당없음,"사진, 일지, 검측서"
CHK-STONE-FLOOR-001-04,STONE-FLOOR-001,품질/시공,검측 전 자체 품질점검을 완료했는가?,예/아니오/해당없음,"사진, 일지, 검측서"
CHK-STONE-FLOOR-001-05,STONE-FLOOR-001,품질/시공,작업 후 정리정돈 및 후속공정 인계를 완료했는가?,예/아니오/해당없음,"사진, 일지, 검측서"
CHK-TILE-WALL-001-01,TILE-WALL-001,공통,작업 전 TBM 및 위험성평가를 실시했는가?,예/아니오/해당없음,"사진, 일지, 검측서"
CHK-TILE-WALL-001-02,TILE-WALL-001,공통,작업구역 출입통제와 보행동선 분리가 되었는가?,예/아니오/해당없음,"사진, 일지, 검측서"
CHK-TILE-WALL-001-03,TILE-WALL-001,품질/시공,도면·시방서·자재승인 사항을 확인했는가?,예/아니오/해당없음,"사진, 일지, 검측서"
CHK-TILE-WALL-001-04,TILE-WALL-001,품질/시공,검측 전 자체 품질점검을 완료했는가?,예/아니오/해당없음,"사진, 일지, 검측서"
CHK-TILE-WALL-001-05,TILE-WALL-001,품질/시공,작업 후 정리정돈 및 후속공정 인계를 완료했는가?,예/아니오/해당없음,"사진, 일지, 검측서"
CHK-TILE-FLOOR-001-01,TILE-FLOOR-001,공통,작업 전 TBM 및 위험성평가를 실시했는가?,예/아니오/해당없음,"사진, 일지, 검측서"
CHK-TILE-FLOOR-001-02,TILE-FLOOR-001,공통,작업구역 출입통제와 보행동선 분리가 되었는가?,예/아니오/해당없음,"사진, 일지, 검측서"
CHK-TILE-FLOOR-001-03,TILE-FLOOR-001,품질/시공,도면·시방서·자재승인 사항을 확인했는가?,예/아니오/해당없음,"사진, 일지, 검측서"
CHK-TILE-FLOOR-001-04,TILE-FLOOR-001,품질/시공,검측 전 자체 품질점검을 완료했는가?,예/아니오/해당없음,"사진, 일지, 검측서"
CHK-TILE-FLOOR-001-05,TILE-FLOOR-001,품질/시공,작업 후 정리정돈 및 후속공정 인계를 완료했는가?,예/아니오/해당없음,"사진, 일지, 검측서"
CHK-TILE-GROUT-001-01,TILE-GROUT-001,공통,작업 전 TBM 및 위험성평가를 실시했는가?,예/아니오/해당없음,"사진, 일지, 검측서"
CHK-TILE-GROUT-001-02,TILE-GROUT-001,공통,작업구역 출입통제와 보행동선 분리가 되었는가?,예/아니오/해당없음,"사진, 일지, 검측서"
CHK-TILE-GROUT-001-03,TILE-GROUT-001,품질/시공,도면·시방서·자재승인 사항을 확인했는가?,예/아니오/해당없음,"사진, 일지, 검측서"
CHK-TILE-GROUT-001-04,TILE-GROUT-001,품질/시공,검측 전 자체 품질점검을 완료했는가?,예/아니오/해당없음,"사진, 일지, 검측서"
CHK-TILE-GROUT-001-05,TILE-GROUT-001,품질/시공,작업 후 정리정돈 및 후속공정 인계를 완료했는가?,예/아니오/해당없음,"사진, 일지, 검측서"
CHK-PAINT-WATER-001-01,PAINT-WATER-001,공통,작업 전 TBM 및 위험성평가를 실시했는가?,예/아니오/해당없음,"사진, 일지, 검측서"
CHK-PAINT-WATER-001-02,PAINT-WATER-001,공통,작업구역 출입통제와 보행동선 분리가 되었는가?,예/아니오/해당없음,"사진, 일지, 검측서"
CHK-PAINT-WATER-001-03,PAINT-WATER-001,품질/시공,도면·시방서·자재승인 사항을 확인했는가?,예/아니오/해당없음,"사진, 일지, 검측서"
CHK-PAINT-WATER-001-04,PAINT-WATER-001,품질/시공,검측 전 자체 품질점검을 완료했는가?,예/아니오/해당없음,"사진, 일지, 검측서"
CHK-PAINT-WATER-001-05,PAINT-WATER-001,품질/시공,작업 후 정리정돈 및 후속공정 인계를 완료했는가?,예/아니오/해당없음,"사진, 일지, 검측서"
CHK-PAINT-EPOXY-001-01,PAINT-EPOXY-001,공통,작업 전 TBM 및 위험성평가를 실시했는가?,예/아니오/해당없음,"사진, 일지, 검측서"
CHK-PAINT-EPOXY-001-02,PAINT-EPOXY-001,공통,작업구역 출입통제와 보행동선 분리가 되었는가?,예/아니오/해당없음,"사진, 일지, 검측서"
CHK-PAINT-EPOXY-001-03,PAINT-EPOXY-001,품질/시공,도면·시방서·자재승인 사항을 확인했는가?,예/아니오/해당없음,"사진, 일지, 검측서"
CHK-PAINT-EPOXY-001-04,PAINT-EPOXY-001,품질/시공,검측 전 자체 품질점검을 완료했는가?,예/아니오/해당없음,"사진, 일지, 검측서"
CHK-PAINT-EPOXY-001-05,PAINT-EPOXY-001,품질/시공,작업 후 정리정돈 및 후속공정 인계를 완료했는가?,예/아니오/해당없음,"사진, 일지, 검측서"
CHK-PAINT-ANTIRUST-001-01,PAINT-ANTIRUST-001,공통,작업 전 TBM 및 위험성평가를 실시했는가?,예/아니오/해당없음,"사진, 일지, 검측서"
CHK-PAINT-ANTIRUST-001-02,PAINT-ANTIRUST-001,공통,작업구역 출입통제와 보행동선 분리가 되었는가?,예/아니오/해당없음,"사진, 일지, 검측서"
CHK-PAINT-ANTIRUST-001-03,PAINT-ANTIRUST-001,품질/시공,도면·시방서·자재승인 사항을 확인했는가?,예/아니오/해당없음,"사진, 일지, 검측서"
CHK-PAINT-ANTIRUST-001-04,PAINT-ANTIRUST-001,품질/시공,검측 전 자체 품질점검을 완료했는가?,예/아니오/해당없음,"사진, 일지, 검측서"
CHK-PAINT-ANTIRUST-001-05,PAINT-ANTIRUST-001,품질/시공,작업 후 정리정돈 및 후속공정 인계를 완료했는가?,예/아니오/해당없음,"사진, 일지, 검측서"
CHK-INTERIOR-BOARD-001-01,INTERIOR-BOARD-001,공통,작업 전 TBM 및 위험성평가를 실시했는가?,예/아니오/해당없음,"사진, 일지, 검측서"
CHK-INTERIOR-BOARD-001-02,INTERIOR-BOARD-001,공통,작업구역 출입통제와 보행동선 분리가 되었는가?,예/아니오/해당없음,"사진, 일지, 검측서"
CHK-INTERIOR-BOARD-001-03,INTERIOR-BOARD-001,품질/시공,도면·시방서·자재승인 사항을 확인했는가?,예/아니오/해당없음,"사진, 일지, 검측서"
CHK-INTERIOR-BOARD-001-04,INTERIOR-BOARD-001,품질/시공,검측 전 자체 품질점검을 완료했는가?,예/아니오/해당없음,"사진, 일지, 검측서"
CHK-INTERIOR-BOARD-001-05,INTERIOR-BOARD-001,품질/시공,작업 후 정리정돈 및 후속공정 인계를 완료했는가?,예/아니오/해당없음,"사진, 일지, 검측서"
CHK-INTERIOR-CEIL-001-01,INTERIOR-CEIL-001,공통,작업 전 TBM 및 위험성평가를 실시했는가?,예/아니오/해당없음,"사진, 일지, 검측서"
CHK-INTERIOR-CEIL-001-02,INTERIOR-CEIL-001,공통,작업구역 출입통제와 보행동선 분리가 되었는가?,예/아니오/해당없음,"사진, 일지, 검측서"
CHK-INTERIOR-CEIL-001-03,INTERIOR-CEIL-001,품질/시공,도면·시방서·자재승인 사항을 확인했는가?,예/아니오/해당없음,"사진, 일지, 검측서"
CHK-INTERIOR-CEIL-001-04,INTERIOR-CEIL-001,품질/시공,검측 전 자체 품질점검을 완료했는가?,예/아니오/해당없음,"사진, 일지, 검측서"
CHK-INTERIOR-CEIL-001-05,INTERIOR-CEIL-001,품질/시공,작업 후 정리정돈 및 후속공정 인계를 완료했는가?,예/아니오/해당없음,"사진, 일지, 검측서"
CHK-INTERIOR-FIN-001-01,INTERIOR-FIN-001,공통,작업 전 TBM 및 위험성평가를 실시했는가?,예/아니오/해당없음,"사진, 일지, 검측서"
CHK-INTERIOR-FIN-001-02,INTERIOR-FIN-001,공통,작업구역 출입통제와 보행동선 분리가 되었는가?,예/아니오/해당없음,"사진, 일지, 검측서"
CHK-INTERIOR-FIN-001-03,INTERIOR-FIN-001,품질/시공,도면·시방서·자재승인 사항을 확인했는가?,예/아니오/해당없음,"사진, 일지, 검측서"
CHK-INTERIOR-FIN-001-04,INTERIOR-FIN-001,품질/시공,검측 전 자체 품질점검을 완료했는가?,예/아니오/해당없음,"사진, 일지, 검측서"
CHK-INTERIOR-FIN-001-05,INTERIOR-FIN-001,품질/시공,작업 후 정리정돈 및 후속공정 인계를 완료했는가?,예/아니오/해당없음,"사진, 일지, 검측서"
CHK-MECH-PIPE-001-01,MECH-PIPE-001,공통,작업 전 TBM 및 위험성평가를 실시했는가?,예/아니오/해당없음,"사진, 일지, 검측서"
CHK-MECH-PIPE-001-02,MECH-PIPE-001,공통,작업구역 출입통제와 보행동선 분리가 되었는가?,예/아니오/해당없음,"사진, 일지, 검측서"
CHK-MECH-PIPE-001-03,MECH-PIPE-001,품질/시공,도면·시방서·자재승인 사항을 확인했는가?,예/아니오/해당없음,"사진, 일지, 검측서"
CHK-MECH-PIPE-001-04,MECH-PIPE-001,품질/시공,검측 전 자체 품질점검을 완료했는가?,예/아니오/해당없음,"사진, 일지, 검측서"
CHK-MECH-PIPE-001-05,MECH-PIPE-001,품질/시공,작업 후 정리정돈 및 후속공정 인계를 완료했는가?,예/아니오/해당없음,"사진, 일지, 검측서"
CHK-MECH-DRAIN-001-01,MECH-DRAIN-001,공통,작업 전 TBM 및 위험성평가를 실시했는가?,예/아니오/해당없음,"사진, 일지, 검측서"
CHK-MECH-DRAIN-001-02,MECH-DRAIN-001,공통,작업구역 출입통제와 보행동선 분리가 되었는가?,예/아니오/해당없음,"사진, 일지, 검측서"
CHK-MECH-DRAIN-001-03,MECH-DRAIN-001,품질/시공,도면·시방서·자재승인 사항을 확인했는가?,예/아니오/해당없음,"사진, 일지, 검측서"
CHK-MECH-DRAIN-001-04,MECH-DRAIN-001,품질/시공,검측 전 자체 품질점검을 완료했는가?,예/아니오/해당없음,"사진, 일지, 검측서"
CHK-MECH-DRAIN-001-05,MECH-DRAIN-001,품질/시공,작업 후 정리정돈 및 후속공정 인계를 완료했는가?,예/아니오/해당없음,"사진, 일지, 검측서"
CHK-MECH-DUCT-001-01,MECH-DUCT-001,공통,작업 전 TBM 및 위험성평가를 실시했는가?,예/아니오/해당없음,"사진, 일지, 검측서"
CHK-MECH-DUCT-001-02,MECH-DUCT-001,공통,작업구역 출입통제와 보행동선 분리가 되었는가?,예/아니오/해당없음,"사진, 일지, 검측서"
CHK-MECH-DUCT-001-03,MECH-DUCT-001,품질/시공,도면·시방서·자재승인 사항을 확인했는가?,예/아니오/해당없음,"사진, 일지, 검측서"
CHK-MECH-DUCT-001-04,MECH-DUCT-001,품질/시공,검측 전 자체 품질점검을 완료했는가?,예/아니오/해당없음,"사진, 일지, 검측서"
CHK-MECH-DUCT-001-05,MECH-DUCT-001,품질/시공,작업 후 정리정돈 및 후속공정 인계를 완료했는가?,예/아니오/해당없음,"사진, 일지, 검측서"
CHK-MECH-EQUIP-001-01,MECH-EQUIP-001,공통,작업 전 TBM 및 위험성평가를 실시했는가?,예/아니오/해당없음,"사진, 일지, 검측서"
CHK-MECH-EQUIP-001-02,MECH-EQUIP-001,공통,작업구역 출입통제와 보행동선 분리가 되었는가?,예/아니오/해당없음,"사진, 일지, 검측서"
CHK-MECH-EQUIP-001-03,MECH-EQUIP-001,품질/시공,도면·시방서·자재승인 사항을 확인했는가?,예/아니오/해당없음,"사진, 일지, 검측서"
CHK-MECH-EQUIP-001-04,MECH-EQUIP-001,품질/시공,검측 전 자체 품질점검을 완료했는가?,예/아니오/해당없음,"사진, 일지, 검측서"
CHK-MECH-EQUIP-001-05,MECH-EQUIP-001,품질/시공,작업 후 정리정돈 및 후속공정 인계를 완료했는가?,예/아니오/해당없음,"사진, 일지, 검측서"
CHK-MECH-TEST-001-01,MECH-TEST-001,공통,작업 전 TBM 및 위험성평가를 실시했는가?,예/아니오/해당없음,"사진, 일지, 검측서"
CHK-MECH-TEST-001-02,MECH-TEST-001,공통,작업구역 출입통제와 보행동선 분리가 되었는가?,예/아니오/해당없음,"사진, 일지, 검측서"
CHK-MECH-TEST-001-03,MECH-TEST-001,품질/시공,도면·시방서·자재승인 사항을 확인했는가?,예/아니오/해당없음,"사진, 일지, 검측서"
CHK-MECH-TEST-001-04,MECH-TEST-001,품질/시공,검측 전 자체 품질점검을 완료했는가?,예/아니오/해당없음,"사진, 일지, 검측서"
CHK-MECH-TEST-001-05,MECH-TEST-001,품질/시공,작업 후 정리정돈 및 후속공정 인계를 완료했는가?,예/아니오/해당없음,"사진, 일지, 검측서"
CHK-ELEC-CONDUIT-001-01,ELEC-CONDUIT-001,공통,작업 전 TBM 및 위험성평가를 실시했는가?,예/아니오/해당없음,"사진, 일지, 검측서"
CHK-ELEC-CONDUIT-001-02,ELEC-CONDUIT-001,공통,작업구역 출입통제와 보행동선 분리가 되었는가?,예/아니오/해당없음,"사진, 일지, 검측서"
CHK-ELEC-CONDUIT-001-03,ELEC-CONDUIT-001,품질/시공,도면·시방서·자재승인 사항을 확인했는가?,예/아니오/해당없음,"사진, 일지, 검측서"
CHK-ELEC-CONDUIT-001-04,ELEC-CONDUIT-001,품질/시공,검측 전 자체 품질점검을 완료했는가?,예/아니오/해당없음,"사진, 일지, 검측서"
CHK-ELEC-CONDUIT-001-05,ELEC-CONDUIT-001,품질/시공,작업 후 정리정돈 및 후속공정 인계를 완료했는가?,예/아니오/해당없음,"사진, 일지, 검측서"
CHK-ELEC-WIRE-001-01,ELEC-WIRE-001,공통,작업 전 TBM 및 위험성평가를 실시했는가?,예/아니오/해당없음,"사진, 일지, 검측서"
CHK-ELEC-WIRE-001-02,ELEC-WIRE-001,공통,작업구역 출입통제와 보행동선 분리가 되었는가?,예/아니오/해당없음,"사진, 일지, 검측서"
CHK-ELEC-WIRE-001-03,ELEC-WIRE-001,품질/시공,도면·시방서·자재승인 사항을 확인했는가?,예/아니오/해당없음,"사진, 일지, 검측서"
CHK-ELEC-WIRE-001-04,ELEC-WIRE-001,품질/시공,검측 전 자체 품질점검을 완료했는가?,예/아니오/해당없음,"사진, 일지, 검측서"
CHK-ELEC-WIRE-001-05,ELEC-WIRE-001,품질/시공,작업 후 정리정돈 및 후속공정 인계를 완료했는가?,예/아니오/해당없음,"사진, 일지, 검측서"
CHK-ELEC-PANEL-001-01,ELEC-PANEL-001,공통,작업 전 TBM 및 위험성평가를 실시했는가?,예/아니오/해당없음,"사진, 일지, 검측서"
CHK-ELEC-PANEL-001-02,ELEC-PANEL-001,공통,작업구역 출입통제와 보행동선 분리가 되었는가?,예/아니오/해당없음,"사진, 일지, 검측서"
CHK-ELEC-PANEL-001-03,ELEC-PANEL-001,품질/시공,도면·시방서·자재승인 사항을 확인했는가?,예/아니오/해당없음,"사진, 일지, 검측서"
CHK-ELEC-PANEL-001-04,ELEC-PANEL-001,품질/시공,검측 전 자체 품질점검을 완료했는가?,예/아니오/해당없음,"사진, 일지, 검측서"
CHK-ELEC-PANEL-001-05,ELEC-PANEL-001,품질/시공,작업 후 정리정돈 및 후속공정 인계를 완료했는가?,예/아니오/해당없음,"사진, 일지, 검측서"
CHK-ELEC-LIGHT-001-01,ELEC-LIGHT-001,공통,작업 전 TBM 및 위험성평가를 실시했는가?,예/아니오/해당없음,"사진, 일지, 검측서"
CHK-ELEC-LIGHT-001-02,ELEC-LIGHT-001,공통,작업구역 출입통제와 보행동선 분리가 되었는가?,예/아니오/해당없음,"사진, 일지, 검측서"
CHK-ELEC-LIGHT-001-03,ELEC-LIGHT-001,품질/시공,도면·시방서·자재승인 사항을 확인했는가?,예/아니오/해당없음,"사진, 일지, 검측서"
CHK-ELEC-LIGHT-001-04,ELEC-LIGHT-001,품질/시공,검측 전 자체 품질점검을 완료했는가?,예/아니오/해당없음,"사진, 일지, 검측서"
CHK-ELEC-LIGHT-001-05,ELEC-LIGHT-001,품질/시공,작업 후 정리정돈 및 후속공정 인계를 완료했는가?,예/아니오/해당없음,"사진, 일지, 검측서"
CHK-ELEC-GROUND-001-01,ELEC-GROUND-001,공통,작업 전 TBM 및 위험성평가를 실시했는가?,예/아니오/해당없음,"사진, 일지, 검측서"
CHK-ELEC-GROUND-001-02,ELEC-GROUND-001,공통,작업구역 출입통제와 보행동선 분리가 되었는가?,예/아니오/해당없음,"사진, 일지, 검측서"
CHK-ELEC-GROUND-001-03,ELEC-GROUND-001,품질/시공,도면·시방서·자재승인 사항을 확인했는가?,예/아니오/해당없음,"사진, 일지, 검측서"
CHK-ELEC-GROUND-001-04,ELEC-GROUND-001,품질/시공,검측 전 자체 품질점검을 완료했는가?,예/아니오/해당없음,"사진, 일지, 검측서"
CHK-ELEC-GROUND-001-05,ELEC-GROUND-001,품질/시공,작업 후 정리정돈 및 후속공정 인계를 완료했는가?,예/아니오/해당없음,"사진, 일지, 검측서"
CHK-FIRE-SPR-001-01,FIRE-SPR-001,공통,작업 전 TBM 및 위험성평가를 실시했는가?,예/아니오/해당없음,"사진, 일지, 검측서"
CHK-FIRE-SPR-001-02,FIRE-SPR-001,공통,작업구역 출입통제와 보행동선 분리가 되었는가?,예/아니오/해당없음,"사진, 일지, 검측서"
CHK-FIRE-SPR-001-03,FIRE-SPR-001,품질/시공,도면·시방서·자재승인 사항을 확인했는가?,예/아니오/해당없음,"사진, 일지, 검측서"
CHK-FIRE-SPR-001-04,FIRE-SPR-001,품질/시공,검측 전 자체 품질점검을 완료했는가?,예/아니오/해당없음,"사진, 일지, 검측서"
CHK-FIRE-SPR-001-05,FIRE-SPR-001,품질/시공,작업 후 정리정돈 및 후속공정 인계를 완료했는가?,예/아니오/해당없음,"사진, 일지, 검측서"
CHK-FIRE-HYDRANT-001-01,FIRE-HYDRANT-001,공통,작업 전 TBM 및 위험성평가를 실시했는가?,예/아니오/해당없음,"사진, 일지, 검측서"
CHK-FIRE-HYDRANT-001-02,FIRE-HYDRANT-001,공통,작업구역 출입통제와 보행동선 분리가 되었는가?,예/아니오/해당없음,"사진, 일지, 검측서"
CHK-FIRE-HYDRANT-001-03,FIRE-HYDRANT-001,품질/시공,도면·시방서·자재승인 사항을 확인했는가?,예/아니오/해당없음,"사진, 일지, 검측서"
CHK-FIRE-HYDRANT-001-04,FIRE-HYDRANT-001,품질/시공,검측 전 자체 품질점검을 완료했는가?,예/아니오/해당없음,"사진, 일지, 검측서"
CHK-FIRE-HYDRANT-001-05,FIRE-HYDRANT-001,품질/시공,작업 후 정리정돈 및 후속공정 인계를 완료했는가?,예/아니오/해당없음,"사진, 일지, 검측서"
CHK-FIRE-ALARM-001-01,FIRE-ALARM-001,공통,작업 전 TBM 및 위험성평가를 실시했는가?,예/아니오/해당없음,"사진, 일지, 검측서"
CHK-FIRE-ALARM-001-02,FIRE-ALARM-001,공통,작업구역 출입통제와 보행동선 분리가 되었는가?,예/아니오/해당없음,"사진, 일지, 검측서"
CHK-FIRE-ALARM-001-03,FIRE-ALARM-001,품질/시공,도면·시방서·자재승인 사항을 확인했는가?,예/아니오/해당없음,"사진, 일지, 검측서"
CHK-FIRE-ALARM-001-04,FIRE-ALARM-001,품질/시공,검측 전 자체 품질점검을 완료했는가?,예/아니오/해당없음,"사진, 일지, 검측서"
CHK-FIRE-ALARM-001-05,FIRE-ALARM-001,품질/시공,작업 후 정리정돈 및 후속공정 인계를 완료했는가?,예/아니오/해당없음,"사진, 일지, 검측서"
CHK-FIRE-SMOKE-001-01,FIRE-SMOKE-001,공통,작업 전 TBM 및 위험성평가를 실시했는가?,예/아니오/해당없음,"사진, 일지, 검측서"
CHK-FIRE-SMOKE-001-02,FIRE-SMOKE-001,공통,작업구역 출입통제와 보행동선 분리가 되었는가?,예/아니오/해당없음,"사진, 일지, 검측서"
CHK-FIRE-SMOKE-001-03,FIRE-SMOKE-001,품질/시공,도면·시방서·자재승인 사항을 확인했는가?,예/아니오/해당없음,"사진, 일지, 검측서"
CHK-FIRE-SMOKE-001-04,FIRE-SMOKE-001,품질/시공,검측 전 자체 품질점검을 완료했는가?,예/아니오/해당없음,"사진, 일지, 검측서"
CHK-FIRE-SMOKE-001-05,FIRE-SMOKE-001,품질/시공,작업 후 정리정돈 및 후속공정 인계를 완료했는가?,예/아니오/해당없음,"사진, 일지, 검측서"
CHK-EXT-PAVE-001-01,EXT-PAVE-001,공통,작업 전 TBM 및 위험성평가를 실시했는가?,예/아니오/해당없음,"사진, 일지, 검측서"
CHK-EXT-PAVE-001-02,EXT-PAVE-001,공통,작업구역 출입통제와 보행동선 분리가 되었는가?,예/아니오/해당없음,"사진, 일지, 검측서"
CHK-EXT-PAVE-001-03,EXT-PAVE-001,품질/시공,도면·시방서·자재승인 사항을 확인했는가?,예/아니오/해당없음,"사진, 일지, 검측서"
CHK-EXT-PAVE-001-04,EXT-PAVE-001,품질/시공,검측 전 자체 품질점검을 완료했는가?,예/아니오/해당없음,"사진, 일지, 검측서"
CHK-EXT-PAVE-001-05,EXT-PAVE-001,품질/시공,작업 후 정리정돈 및 후속공정 인계를 완료했는가?,예/아니오/해당없음,"사진, 일지, 검측서"
CHK-EXT-BLOCK-001-01,EXT-BLOCK-001,공통,작업 전 TBM 및 위험성평가를 실시했는가?,예/아니오/해당없음,"사진, 일지, 검측서"
CHK-EXT-BLOCK-001-02,EXT-BLOCK-001,공통,작업구역 출입통제와 보행동선 분리가 되었는가?,예/아니오/해당없음,"사진, 일지, 검측서"
CHK-EXT-BLOCK-001-03,EXT-BLOCK-001,품질/시공,도면·시방서·자재승인 사항을 확인했는가?,예/아니오/해당없음,"사진, 일지, 검측서"
CHK-EXT-BLOCK-001-04,EXT-BLOCK-001,품질/시공,검측 전 자체 품질점검을 완료했는가?,예/아니오/해당없음,"사진, 일지, 검측서"
CHK-EXT-BLOCK-001-05,EXT-BLOCK-001,품질/시공,작업 후 정리정돈 및 후속공정 인계를 완료했는가?,예/아니오/해당없음,"사진, 일지, 검측서"
CHK-EXT-MANHOLE-001-01,EXT-MANHOLE-001,공통,작업 전 TBM 및 위험성평가를 실시했는가?,예/아니오/해당없음,"사진, 일지, 검측서"
CHK-EXT-MANHOLE-001-02,EXT-MANHOLE-001,공통,작업구역 출입통제와 보행동선 분리가 되었는가?,예/아니오/해당없음,"사진, 일지, 검측서"
CHK-EXT-MANHOLE-001-03,EXT-MANHOLE-001,품질/시공,도면·시방서·자재승인 사항을 확인했는가?,예/아니오/해당없음,"사진, 일지, 검측서"
CHK-EXT-MANHOLE-001-04,EXT-MANHOLE-001,품질/시공,검측 전 자체 품질점검을 완료했는가?,예/아니오/해당없음,"사진, 일지, 검측서"
CHK-EXT-MANHOLE-001-05,EXT-MANHOLE-001,품질/시공,작업 후 정리정돈 및 후속공정 인계를 완료했는가?,예/아니오/해당없음,"사진, 일지, 검측서"
CHK-LAND-PLANT-001-01,LAND-PLANT-001,공통,작업 전 TBM 및 위험성평가를 실시했는가?,예/아니오/해당없음,"사진, 일지, 검측서"
CHK-LAND-PLANT-001-02,LAND-PLANT-001,공통,작업구역 출입통제와 보행동선 분리가 되었는가?,예/아니오/해당없음,"사진, 일지, 검측서"
CHK-LAND-PLANT-001-03,LAND-PLANT-001,품질/시공,도면·시방서·자재승인 사항을 확인했는가?,예/아니오/해당없음,"사진, 일지, 검측서"
CHK-LAND-PLANT-001-04,LAND-PLANT-001,품질/시공,검측 전 자체 품질점검을 완료했는가?,예/아니오/해당없음,"사진, 일지, 검측서"
CHK-LAND-PLANT-001-05,LAND-PLANT-001,품질/시공,작업 후 정리정돈 및 후속공정 인계를 완료했는가?,예/아니오/해당없음,"사진, 일지, 검측서"
CHK-LAND-FAC-001-01,LAND-FAC-001,공통,작업 전 TBM 및 위험성평가를 실시했는가?,예/아니오/해당없음,"사진, 일지, 검측서"
CHK-LAND-FAC-001-02,LAND-FAC-001,공통,작업구역 출입통제와 보행동선 분리가 되었는가?,예/아니오/해당없음,"사진, 일지, 검측서"
CHK-LAND-FAC-001-03,LAND-FAC-001,품질/시공,도면·시방서·자재승인 사항을 확인했는가?,예/아니오/해당없음,"사진, 일지, 검측서"
CHK-LAND-FAC-001-04,LAND-FAC-001,품질/시공,검측 전 자체 품질점검을 완료했는가?,예/아니오/해당없음,"사진, 일지, 검측서"
CHK-LAND-FAC-001-05,LAND-FAC-001,품질/시공,작업 후 정리정돈 및 후속공정 인계를 완료했는가?,예/아니오/해당없음,"사진, 일지, 검측서"
CHK-CLOSE-CLEAN-001-01,CLOSE-CLEAN-001,공통,작업 전 TBM 및 위험성평가를 실시했는가?,예/아니오/해당없음,"사진, 일지, 검측서"
CHK-CLOSE-CLEAN-001-02,CLOSE-CLEAN-001,공통,작업구역 출입통제와 보행동선 분리가 되었는가?,예/아니오/해당없음,"사진, 일지, 검측서"
CHK-CLOSE-CLEAN-001-03,CLOSE-CLEAN-001,품질/시공,도면·시방서·자재승인 사항을 확인했는가?,예/아니오/해당없음,"사진, 일지, 검측서"
CHK-CLOSE-CLEAN-001-04,CLOSE-CLEAN-001,품질/시공,검측 전 자체 품질점검을 완료했는가?,예/아니오/해당없음,"사진, 일지, 검측서"
CHK-CLOSE-CLEAN-001-05,CLOSE-CLEAN-001,품질/시공,작업 후 정리정돈 및 후속공정 인계를 완료했는가?,예/아니오/해당없음,"사진, 일지, 검측서"
CHK-CLOSE-TEST-001-01,CLOSE-TEST-001,공통,작업 전 TBM 및 위험성평가를 실시했는가?,예/아니오/해당없음,"사진, 일지, 검측서"
CHK-CLOSE-TEST-001-02,CLOSE-TEST-001,공통,작업구역 출입통제와 보행동선 분리가 되었는가?,예/아니오/해당없음,"사진, 일지, 검측서"
CHK-CLOSE-TEST-001-03,CLOSE-TEST-001,품질/시공,도면·시방서·자재승인 사항을 확인했는가?,예/아니오/해당없음,"사진, 일지, 검측서"
CHK-CLOSE-TEST-001-04,CLOSE-TEST-001,품질/시공,검측 전 자체 품질점검을 완료했는가?,예/아니오/해당없음,"사진, 일지, 검측서"
CHK-CLOSE-TEST-001-05,CLOSE-TEST-001,품질/시공,작업 후 정리정돈 및 후속공정 인계를 완료했는가?,예/아니오/해당없음,"사진, 일지, 검측서"
CHK-CLOSE-DOC-001-01,CLOSE-DOC-001,공통,작업 전 TBM 및 위험성평가를 실시했는가?,예/아니오/해당없음,"사진, 일지, 검측서"
CHK-CLOSE-DOC-001-02,CLOSE-DOC-001,공통,작업구역 출입통제와 보행동선 분리가 되었는가?,예/아니오/해당없음,"사진, 일지, 검측서"
CHK-CLOSE-DOC-001-03,CLOSE-DOC-001,품질/시공,도면·시방서·자재승인 사항을 확인했는가?,예/아니오/해당없음,"사진, 일지, 검측서"
CHK-CLOSE-DOC-001-04,CLOSE-DOC-001,품질/시공,검측 전 자체 품질점검을 완료했는가?,예/아니오/해당없음,"사진, 일지, 검측서"
CHK-CLOSE-DOC-001-05,CLOSE-DOC-001,품질/시공,작업 후 정리정돈 및 후속공정 인계를 완료했는가?,예/아니오/해당없음,"사진, 일지, 검측서"
